sample	position	allele	allele_fraction
NA18973	42510000	REF	0.9949
NA18973	42510000	ALT	0.0089
NA18973	42510173	REF	0.9334
NA18973	42510173	ALT	0.0137
NA18973	42510347	REF	0.6014
NA18973	42510347	ALT	0.4175
NA18973	42510521	REF	0.943
NA18973	42510521	ALT	0.0176
NA18973	42510694	REF	0.8286
NA18973	42510694	ALT	0.0063
NA18973	42510868	REF	0.9782
NA18973	42510868	ALT	0.0506
NA18973	42511042	REF	0.9737
NA18973	42511042	ALT	0.117
NA18973	42511216	REF	0.9982
NA18973	42511216	ALT	0.1013
NA18973	42511389	REF	0.8931
NA18973	42511389	ALT	0.0457
NA18973	42511563	REF	0.6037
NA18973	42511563	ALT	0.0276
NA18973	42511737	REF	0.9561
NA18973	42511737	ALT	0.0983
NA18973	42511911	REF	0.4693
NA18973	42511911	ALT	0.4569
NA18973	42512084	REF	0.9577
NA18973	42512084	ALT	0.0737
NA18973	42512258	REF	0.8379
NA18973	42512258	ALT	0.0943
NA18973	42512432	REF	0.9732
NA18973	42512432	ALT	0.039
NA18973	42512606	REF	0.2925
NA18973	42512606	ALT	0.4994
NA18973	42512779	REF	0.8781
NA18973	42512779	ALT	0.1136
NA18973	42512953	REF	0.9666
NA18973	42512953	ALT	0.0126
NA18973	42513127	REF	0.7397
NA18973	42513127	ALT	0.234
NA18973	42513301	REF	0.9734
NA18973	42513301	ALT	0.1241
NA18973	42513474	REF	0.8559
NA18973	42513474	ALT	0.0643
NA18973	42513648	REF	0.9514
NA18973	42513648	ALT	0.0223
NA18973	42513822	REF	0.97
NA18973	42513822	ALT	0.2894
NA18973	42513996	REF	0.9492
NA18973	42513996	ALT	0.1549
NA18973	42514169	REF	0.9688
NA18973	42514169	ALT	0.0776
NA18973	42514343	REF	0.9288
NA18973	42514343	ALT	0.2073
NA18973	42514517	REF	0.9883
NA18973	42514517	ALT	0.0526
NA18973	42514691	REF	0.3271
NA18973	42514691	ALT	0.556
NA18973	42514864	REF	0.9262
NA18973	42514864	ALT	0.0236
NA18973	42515038	REF	0.9877
NA18973	42515038	ALT	0.1082
NA18973	42515212	REF	0.9325
NA18973	42515212	ALT	0.0
NA18973	42515386	REF	0.901
NA18973	42515386	ALT	0.2269
NA18973	42515559	REF	0.9385
NA18973	42515559	ALT	0.0362
NA18973	42515733	REF	0.842
NA18973	42515733	ALT	0.0547
NA18973	42515907	REF	0.9164
NA18973	42515907	ALT	0.0004
NA18973	42516081	REF	0.9365
NA18973	42516081	ALT	0.0613
NA18973	42516254	REF	0.8818
NA18973	42516254	ALT	0.0819
NA18973	42516428	REF	0.8602
NA18973	42516428	ALT	0.0487
NA18973	42516602	REF	0.9836
NA18973	42516602	ALT	0.0135
NA18973	42516776	REF	0.6254
NA18973	42516776	ALT	0.5408
NA18973	42516949	REF	0.8843
NA18973	42516949	ALT	0.1043
NA18973	42517123	REF	0.3798
NA18973	42517123	ALT	0.4792
NA18973	42517297	REF	0.9131
NA18973	42517297	ALT	0.0311
NA18973	42517471	REF	0.8076
NA18973	42517471	ALT	0.0001
NA18973	42517644	REF	0.8502
NA18973	42517644	ALT	0.0618
NA18973	42517818	REF	0.951
NA18973	42517818	ALT	0.1487
NA18973	42517992	REF	0.9874
NA18973	42517992	ALT	0.13
NA18973	42518166	REF	0.9761
NA18973	42518166	ALT	0.0506
NA18973	42518339	REF	0.8965
NA18973	42518339	ALT	0.1967
NA18973	42518513	REF	0.9872
NA18973	42518513	ALT	0.0019
NA18973	42518687	REF	0.938
NA18973	42518687	ALT	0.003
NA18973	42518861	REF	0.9547
NA18973	42518861	ALT	0.0055
NA18973	42519034	REF	0.9044
NA18973	42519034	ALT	0.0651
NA18973	42519208	REF	0.9811
NA18973	42519208	ALT	0.0442
NA18973	42519382	REF	0.4746
NA18973	42519382	ALT	0.504
NA18973	42519555	REF	0.785
NA18973	42519555	ALT	0.0049
NA18973	42519729	REF	0.866
NA18973	42519729	ALT	0.0023
NA18973	42519903	REF	0.3142
NA18973	42519903	ALT	0.4476
NA18973	42520077	REF	0.9742
NA18973	42520077	ALT	0.1706
NA18973	42520250	REF	0.7663
NA18973	42520250	ALT	0.0019
NA18973	42520424	REF	0.9211
NA18973	42520424	ALT	0.0186
NA18973	42520598	REF	0.558
NA18973	42520598	ALT	0.4481
NA18973	42520772	REF	0.9092
NA18973	42520772	ALT	0.0103
NA18973	42520945	REF	0.9118
NA18973	42520945	ALT	0.0415
NA18973	42521119	REF	0.3494
NA18973	42521119	ALT	0.2446
NA18973	42521293	REF	0.9963
NA18973	42521293	ALT	0.006
NA18973	42521467	REF	0.8342
NA18973	42521467	ALT	0.3537
NA18973	42521640	REF	0.5613
NA18973	42521640	ALT	0.4891
NA18973	42521814	REF	0.9507
NA18973	42521814	ALT	0.1059
NA18973	42521988	REF	0.4704
NA18973	42521988	ALT	0.3113
NA18973	42522162	REF	0.9796
NA18973	42522162	ALT	0.018
NA18973	42522335	REF	0.9827
NA18973	42522335	ALT	0.1031
NA18973	42522509	REF	0.2509
NA18973	42522509	ALT	0.5818
NA18973	42522683	REF	0.9052
NA18973	42522683	ALT	0.0999
NA18973	42522857	REF	0.4858
NA18973	42522857	ALT	0.6017
NA18973	42523030	REF	0.971
NA18973	42523030	ALT	0.0232
NA18973	42523204	REF	0.9903
NA18973	42523204	ALT	0.1599
NA18973	42523378	REF	0.9003
NA18973	42523378	ALT	0.1009
NA18973	42523552	REF	0.9676
NA18973	42523552	ALT	0.1051
NA18973	42523725	REF	0.9918
NA18973	42523725	ALT	0.0583
NA18973	42523899	REF	0.9696
NA18973	42523899	ALT	0.0245
NA18973	42524073	REF	0.9173
NA18973	42524073	ALT	0.0291
NA18973	42524247	REF	0.9132
NA18973	42524247	ALT	0.0002
NA18973	42524420	REF	0.8662
NA18973	42524420	ALT	0.0522
NA18973	42524594	REF	0.8182
NA18973	42524594	ALT	0.0106
NA18973	42524768	REF	0.9842
NA18973	42524768	ALT	0.1621
NA18973	42524942	REF	0.9831
NA18973	42524942	ALT	0.0108
NA18973	42525115	REF	0.9081
NA18973	42525115	ALT	0.1016
NA18973	42525289	REF	0.8842
NA18973	42525289	ALT	0.0023
NA18973	42525463	REF	0.9827
NA18973	42525463	ALT	0.0663
NA18973	42525637	REF	0.9104
NA18973	42525637	ALT	0.0155
NA18973	42525810	REF	0.7937
NA18973	42525810	ALT	0.0116
NA18973	42525984	REF	0.381
NA18973	42525984	ALT	0.3887
NA18973	42526158	REF	0.9242
NA18973	42526158	ALT	0.0342
NA18973	42526332	REF	0.8563
NA18973	42526332	ALT	0.0068
NA18973	42526505	REF	0.6506
NA18973	42526505	ALT	0.0121
NA18973	42526679	REF	0.7742
NA18973	42526679	ALT	0.3516
NA18973	42526853	REF	0.8651
NA18973	42526853	ALT	0.0346
NA18973	42527027	REF	0.8698
NA18973	42527027	ALT	0.1004
NA18973	42527200	REF	0.897
NA18973	42527200	ALT	0.1417
NA18973	42527374	REF	0.9446
NA18973	42527374	ALT	0.027
NA18973	42527548	REF	0.904
NA18973	42527548	ALT	0.0486
NA18973	42527722	REF	0.6828
NA18973	42527722	ALT	0.3215
NA18973	42527895	REF	0.53
NA18973	42527895	ALT	0.3636
NA18973	42528069	REF	0.9621
NA18973	42528069	ALT	0.0001
NA18973	42528243	REF	0.9867
NA18973	42528243	ALT	0.028
NA18973	42528416	REF	0.5208
NA18973	42528416	ALT	0.6073
NA18973	42528590	REF	0.8837
NA18973	42528590	ALT	0.02
NA18973	42528764	REF	0.8209
NA18973	42528764	ALT	0.0578
NA18973	42528938	REF	0.9798
NA18973	42528938	ALT	0.3298
NA18973	42529111	REF	0.846
NA18973	42529111	ALT	0.1202
NA18973	42529285	REF	0.5502
NA18973	42529285	ALT	0.5103
NA18973	42529459	REF	0.9819
NA18973	42529459	ALT	0.0175
NA18973	42529633	REF	0.8868
NA18973	42529633	ALT	0.0541
NA18973	42529806	REF	0.354
NA18973	42529806	ALT	0.3921
NA18973	42529980	REF	0.9553
NA18973	42529980	ALT	0.0423
NA18973	42530154	REF	0.9946
NA18973	42530154	ALT	0.1428
NA18973	42530328	REF	0.8348
NA18973	42530328	ALT	0.0268
NA18973	42530501	REF	0.6204
NA18973	42530501	ALT	0.3901
NA18973	42530675	REF	0.4011
NA18973	42530675	ALT	0.2804
NA18973	42530849	REF	0.9622
NA18973	42530849	ALT	0.006
NA18973	42531023	REF	0.6611
NA18973	42531023	ALT	0.5627
NA18973	42531196	REF	0.8675
NA18973	42531196	ALT	0.0736
NA18973	42531370	REF	0.8726
NA18973	42531370	ALT	0.0366
NA18973	42531544	REF	0.5374
NA18973	42531544	ALT	0.3813
NA18973	42531718	REF	0.9173
NA18973	42531718	ALT	0.0166
NA18973	42531891	REF	0.9767
NA18973	42531891	ALT	0.0001
NA18973	42532065	REF	0.8609
NA18973	42532065	ALT	0.0049
NA18973	42532239	REF	0.8733
NA18973	42532239	ALT	0.0022
NA18973	42532413	REF	0.9664
NA18973	42532413	ALT	0.0275
NA18973	42532586	REF	0.8725
NA18973	42532586	ALT	0.0277
NA18973	42532760	REF	0.8549
NA18973	42532760	ALT	0.0015
NA18973	42532934	REF	0.8286
NA18973	42532934	ALT	0.0598
NA18973	42533108	REF	0.8925
NA18973	42533108	ALT	0.1096
NA18973	42533281	REF	0.4081
NA18973	42533281	ALT	0.7158
NA18973	42533455	REF	0.9807
NA18973	42533455	ALT	0.0345
NA18973	42533629	REF	0.8971
NA18973	42533629	ALT	0.0019
NA18973	42533803	REF	0.9694
NA18973	42533803	ALT	0.113
NA18973	42533976	REF	0.9511
NA18973	42533976	ALT	0.0299
NA18973	42534150	REF	0.9242
NA18973	42534150	ALT	0.0324
NA18973	42534324	REF	0.9913
NA18973	42534324	ALT	0.0441
NA18973	42534498	REF	0.9158
NA18973	42534498	ALT	0.0865
NA18973	42534671	REF	0.9226
NA18973	42534671	ALT	0.0714
NA18973	42534845	REF	0.9032
NA18973	42534845	ALT	0.0495
NA18973	42535019	REF	0.9535
NA18973	42535019	ALT	0.0323
NA18973	42535193	REF	0.912
NA18973	42535193	ALT	0.0084
NA18973	42535366	REF	0.9757
NA18973	42535366	ALT	0.0578
NA18973	42535540	REF	0.9507
NA18973	42535540	ALT	0.0001
NA18973	42535714	REF	0.9235
NA18973	42535714	ALT	0.0262
NA18973	42535888	REF	0.94
NA18973	42535888	ALT	0.0606
NA18973	42536061	REF	0.9468
NA18973	42536061	ALT	0.0074
NA18973	42536235	REF	0.8198
NA18973	42536235	ALT	0.0032
NA18973	42536409	REF	0.893
NA18973	42536409	ALT	0.0994
NA18973	42536583	REF	0.502
NA18973	42536583	ALT	0.2732
NA18973	42536756	REF	0.8654
NA18973	42536756	ALT	0.0658
NA18973	42536930	REF	0.9061
NA18973	42536930	ALT	0.0237
NA18973	42537104	REF	0.8344
NA18973	42537104	ALT	0.0012
NA18973	42537277	REF	0.927
NA18973	42537277	ALT	0.0067
NA18973	42537451	REF	0.9267
NA18973	42537451	ALT	0.0727
NA18973	42537625	REF	0.8524
NA18973	42537625	ALT	0.0195
NA18973	42537799	REF	0.8929
NA18973	42537799	ALT	0.0406
NA18973	42537972	REF	0.3204
NA18973	42537972	ALT	0.6124
NA18973	42538146	REF	0.9914
NA18973	42538146	ALT	0.0194
NA18973	42538320	REF	0.9338
NA18973	42538320	ALT	0.0279
NA18973	42538494	REF	0.9996
NA18973	42538494	ALT	0.008
NA18973	42538667	REF	0.9088
NA18973	42538667	ALT	0.0926
NA18973	42538841	REF	0.8873
NA18973	42538841	ALT	0.0074
NA18973	42539015	REF	0.5762
NA18973	42539015	ALT	0.6031
NA18973	42539189	REF	0.8147
NA18973	42539189	ALT	0.099
NA18973	42539362	REF	0.8878
NA18973	42539362	ALT	0.1146
NA18973	42539536	REF	0.9853
NA18973	42539536	ALT	0.072
NA18973	42539710	REF	0.9258
NA18973	42539710	ALT	0.0702
NA18973	42539884	REF	0.7857
NA18973	42539884	ALT	0.0041
NA18973	42540057	REF	0.8864
NA18973	42540057	ALT	0.0449
NA18973	42540231	REF	0.8879
NA18973	42540231	ALT	0.1266
NA18973	42540405	REF	0.8378
NA18973	42540405	ALT	0.0027
NA18973	42540579	REF	0.9642
NA18973	42540579	ALT	0.1156
NA18973	42540752	REF	0.6921
NA18973	42540752	ALT	0.0037
NA18973	42540926	REF	0.9283
NA18973	42540926	ALT	0.0007
NA18973	42541100	REF	0.8978
NA18973	42541100	ALT	0.0327
NA18973	42541274	REF	0.9488
NA18973	42541274	ALT	0.0508
NA18973	42541447	REF	0.5654
NA18973	42541447	ALT	0.5311
NA18973	42541621	REF	0.348
NA18973	42541621	ALT	0.3818
NA18973	42541795	REF	0.9996
NA18973	42541795	ALT	0.0322
NA18973	42541969	REF	0.3828
NA18973	42541969	ALT	0.5106
NA18973	42542142	REF	0.9442
NA18973	42542142	ALT	0.1411
NA18973	42542316	REF	0.9686
NA18973	42542316	ALT	0.1175
NA18973	42542490	REF	0.936
NA18973	42542490	ALT	0.0045
NA18973	42542664	REF	0.9898
NA18973	42542664	ALT	0.2007
NA18973	42542837	REF	0.9947
NA18973	42542837	ALT	0.0408
NA18973	42543011	REF	0.8776
NA18973	42543011	ALT	0.0017
NA18973	42543185	REF	0.9585
NA18973	42543185	ALT	0.0308
NA18973	42543359	REF	0.9919
NA18973	42543359	ALT	0.0511
NA18973	42543532	REF	0.9855
NA18973	42543532	ALT	0.0173
NA18973	42543706	REF	0.9485
NA18973	42543706	ALT	0.0348
NA18973	42543880	REF	0.9829
NA18973	42543880	ALT	0.0254
NA18973	42544054	REF	0.9996
NA18973	42544054	ALT	0.0075
NA18973	42544227	REF	0.9191
NA18973	42544227	ALT	0.0075
NA18973	42544401	REF	0.8415
NA18973	42544401	ALT	0.054
NA18973	42544575	REF	0.9356
NA18973	42544575	ALT	0.0268
NA18973	42544749	REF	0.968
NA18973	42544749	ALT	0.0028
NA18973	42544922	REF	0.9673
NA18973	42544922	ALT	0.0716
NA18973	42545096	REF	0.9981
NA18973	42545096	ALT	0.0466
NA18973	42545270	REF	0.7607
NA18973	42545270	ALT	0.0052
NA18973	42545444	REF	0.8475
NA18973	42545444	ALT	0.0975
NA18973	42545617	REF	0.9801
NA18973	42545617	ALT	0.0054
NA18973	42545791	REF	0.9411
NA18973	42545791	ALT	0.0549
NA18973	42545965	REF	0.8687
NA18973	42545965	ALT	0.1805
NA18973	42546138	REF	0.9269
NA18973	42546138	ALT	0.0085
NA18973	42546312	REF	0.5493
NA18973	42546312	ALT	0.5746
NA18973	42546486	REF	0.9193
NA18973	42546486	ALT	0.0089
NA18973	42546660	REF	0.5815
NA18973	42546660	ALT	0.5322
NA18973	42546833	REF	0.9057
NA18973	42546833	ALT	0.1761
NA18973	42547007	REF	0.4176
NA18973	42547007	ALT	0.5146
NA18973	42547181	REF	0.7749
NA18973	42547181	ALT	0.0174
NA18973	42547355	REF	0.9116
NA18973	42547355	ALT	0.1308
NA18973	42547528	REF	0.9839
NA18973	42547528	ALT	0.0002
NA18973	42547702	REF	0.8887
NA18973	42547702	ALT	0.0063
NA18973	42547876	REF	0.9338
NA18973	42547876	ALT	0.0138
NA18973	42548050	REF	0.4579
NA18973	42548050	ALT	0.6536
NA18973	42548223	REF	0.7593
NA18973	42548223	ALT	0.6166
NA18973	42548397	REF	0.9297
NA18973	42548397	ALT	0.0004
NA18973	42548571	REF	0.9309
NA18973	42548571	ALT	0.0571
NA18973	42548745	REF	0.9271
NA18973	42548745	ALT	0.1258
NA18973	42548918	REF	0.9638
NA18973	42548918	ALT	0.1162
NA18973	42549092	REF	0.8769
NA18973	42549092	ALT	0.08
NA18973	42549266	REF	0.9851
NA18973	42549266	ALT	0.0058
NA18973	42549440	REF	0.4702
NA18973	42549440	ALT	0.2177
NA18973	42549613	REF	0.9434
NA18973	42549613	ALT	0.1032
NA18973	42549787	REF	0.9816
NA18973	42549787	ALT	0.0088
NA18973	42549961	REF	0.7383
NA18973	42549961	ALT	0.0093
NA18973	42550135	REF	0.6892
NA18973	42550135	ALT	0.613
NA18973	42550308	REF	0.9538
NA18973	42550308	ALT	0.0087
NA18973	42550482	REF	0.6165
NA18973	42550482	ALT	0.5385
NA18973	42550656	REF	0.8871
NA18973	42550656	ALT	0.0273
NA18973	42550830	REF	0.8071
NA18973	42550830	ALT	0.0222
NA18973	42551003	REF	0.3682
NA18973	42551003	ALT	0.7009
NA18973	42551177	REF	0.7107
NA18973	42551177	ALT	0.1864
NA18973	42551351	REF	0.884
NA18973	42551351	ALT	0.3513
NA18973	42551525	REF	0.9672
NA18973	42551525	ALT	0.0408
NA18973	42551698	REF	0.9968
NA18973	42551698	ALT	0.0194
NA18973	42551872	REF	0.485
NA18973	42551872	ALT	0.4776
NA18973	42552046	REF	0.8649
NA18973	42552046	ALT	0.0082
NA18973	42552220	REF	0.3158
NA18973	42552220	ALT	0.3695
NA18973	42552393	REF	0.9408
NA18973	42552393	ALT	0.0181
NA18973	42552567	REF	0.9642
NA18973	42552567	ALT	0.0365
NA18973	42552741	REF	0.6279
NA18973	42552741	ALT	0.4959
NA18973	42552915	REF	0.9156
NA18973	42552915	ALT	0.0784
NA18973	42553088	REF	0.9405
NA18973	42553088	ALT	0.1559
NA18973	42553262	REF	0.4689
NA18973	42553262	ALT	0.3603
NA18973	42553436	REF	0.9989
NA18973	42553436	ALT	0.0277
NA18973	42553610	REF	0.8989
NA18973	42553610	ALT	0.0145
NA18973	42553783	REF	0.9091
NA18973	42553783	ALT	0.0318
NA18973	42553957	REF	0.8723
NA18973	42553957	ALT	0.0128
NA18973	42554131	REF	0.3911
NA18973	42554131	ALT	0.2747
NA18973	42554305	REF	0.9558
NA18973	42554305	ALT	0.1868
NA18973	42554478	REF	0.9704
NA18973	42554478	ALT	0.034
NA18973	42554652	REF	0.966
NA18973	42554652	ALT	0.1309
NA18973	42554826	REF	0.882
NA18973	42554826	ALT	0.0276
NA18973	42555000	REF	0.9585
NA18973	42555000	ALT	0.117
NA10831	42510000	REF	0.9372
NA10831	42510000	ALT	0.1185
NA10831	42510173	REF	0.9528
NA10831	42510173	ALT	0.1463
NA10831	42510347	REF	0.9886
NA10831	42510347	ALT	0.0307
NA10831	42510521	REF	0.8736
NA10831	42510521	ALT	0.0039
NA10831	42510694	REF	0.9684
NA10831	42510694	ALT	0.1291
NA10831	42510868	REF	0.9707
NA10831	42510868	ALT	0.0047
NA10831	42511042	REF	0.8505
NA10831	42511042	ALT	0.0926
NA10831	42511216	REF	0.5834
NA10831	42511216	ALT	0.4935
NA10831	42511389	REF	0.9586
NA10831	42511389	ALT	0.0026
NA10831	42511563	REF	0.268
NA10831	42511563	ALT	0.3824
NA10831	42511737	REF	0.531
NA10831	42511737	ALT	0.5579
NA10831	42511911	REF	0.9086
NA10831	42511911	ALT	0.1175
NA10831	42512084	REF	0.9225
NA10831	42512084	ALT	0.0933
NA10831	42512258	REF	0.9581
NA10831	42512258	ALT	0.0832
NA10831	42512432	REF	0.9668
NA10831	42512432	ALT	0.1094
NA10831	42512606	REF	0.9908
NA10831	42512606	ALT	0.0254
NA10831	42512779	REF	0.8846
NA10831	42512779	ALT	0.314
NA10831	42512953	REF	0.9194
NA10831	42512953	ALT	0.0002
NA10831	42513127	REF	0.9411
NA10831	42513127	ALT	0.2102
NA10831	42513301	REF	0.7806
NA10831	42513301	ALT	0.0049
NA10831	42513474	REF	0.954
NA10831	42513474	ALT	0.1157
NA10831	42513648	REF	0.9582
NA10831	42513648	ALT	0.0459
NA10831	42513822	REF	0.9428
NA10831	42513822	ALT	0.1185
NA10831	42513996	REF	0.8912
NA10831	42513996	ALT	0.187
NA10831	42514169	REF	0.8168
NA10831	42514169	ALT	0.0238
NA10831	42514343	REF	0.9961
NA10831	42514343	ALT	0.0007
NA10831	42514517	REF	0.9946
NA10831	42514517	ALT	0.0118
NA10831	42514691	REF	0.9463
NA10831	42514691	ALT	0.024
NA10831	42514864	REF	0.6131
NA10831	42514864	ALT	0.344
NA10831	42515038	REF	0.9062
NA10831	42515038	ALT	0.3192
NA10831	42515212	REF	0.9896
NA10831	42515212	ALT	0.0121
NA10831	42515386	REF	0.5692
NA10831	42515386	ALT	0.6739
NA10831	42515559	REF	0.6899
NA10831	42515559	ALT	0.0351
NA10831	42515733	REF	0.9816
NA10831	42515733	ALT	0.0161
NA10831	42515907	REF	0.9359
NA10831	42515907	ALT	0.4255
NA10831	42516081	REF	0.9406
NA10831	42516081	ALT	0.1899
NA10831	42516254	REF	0.9166
NA10831	42516254	ALT	0.2168
NA10831	42516428	REF	0.8141
NA10831	42516428	ALT	0.1468
NA10831	42516602	REF	0.6505
NA10831	42516602	ALT	0.1268
NA10831	42516776	REF	0.8647
NA10831	42516776	ALT	0.0097
NA10831	42516949	REF	0.9727
NA10831	42516949	ALT	0.117
NA10831	42517123	REF	0.9764
NA10831	42517123	ALT	0.0122
NA10831	42517297	REF	0.9475
NA10831	42517297	ALT	0.1798
NA10831	42517471	REF	0.9461
NA10831	42517471	ALT	0.029
NA10831	42517644	REF	0.9209
NA10831	42517644	ALT	0.0424
NA10831	42517818	REF	0.9357
NA10831	42517818	ALT	0.0023
NA10831	42517992	REF	0.6131
NA10831	42517992	ALT	0.5846
NA10831	42518166	REF	0.7288
NA10831	42518166	ALT	0.1753
NA10831	42518339	REF	0.8772
NA10831	42518339	ALT	0.087
NA10831	42518513	REF	0.9753
NA10831	42518513	ALT	0.074
NA10831	42518687	REF	0.6462
NA10831	42518687	ALT	0.4801
NA10831	42518861	REF	0.3793
NA10831	42518861	ALT	0.6089
NA10831	42519034	REF	0.9176
NA10831	42519034	ALT	0.0021
NA10831	42519208	REF	0.9772
NA10831	42519208	ALT	0.0764
NA10831	42519382	REF	0.9567
NA10831	42519382	ALT	0.091
NA10831	42519555	REF	0.9493
NA10831	42519555	ALT	0.2268
NA10831	42519729	REF	0.9586
NA10831	42519729	ALT	0.0856
NA10831	42519903	REF	0.6907
NA10831	42519903	ALT	0.5959
NA10831	42520077	REF	0.8206
NA10831	42520077	ALT	0.0712
NA10831	42520250	REF	0.9497
NA10831	42520250	ALT	0.0528
NA10831	42520424	REF	0.8581
NA10831	42520424	ALT	0.0436
NA10831	42520598	REF	0.9194
NA10831	42520598	ALT	0.2754
NA10831	42520772	REF	0.8096
NA10831	42520772	ALT	0.0013
NA10831	42520945	REF	0.8333
NA10831	42520945	ALT	0.0325
NA10831	42521119	REF	0.8925
NA10831	42521119	ALT	0.139
NA10831	42521293	REF	0.8525
NA10831	42521293	ALT	0.0969
NA10831	42521467	REF	0.8689
NA10831	42521467	ALT	0.0115
NA10831	42521640	REF	0.2014
NA10831	42521640	ALT	0.3749
NA10831	42521814	REF	0.7429
NA10831	42521814	ALT	0.0009
NA10831	42521988	REF	0.9271
NA10831	42521988	ALT	0.0378
NA10831	42522162	REF	0.9539
NA10831	42522162	ALT	0.0102
NA10831	42522335	REF	0.9204
NA10831	42522335	ALT	0.058
NA10831	42522509	REF	0.7952
NA10831	42522509	ALT	0.1183
NA10831	42522683	REF	0.9831
NA10831	42522683	ALT	0.215
NA10831	42522857	REF	0.8439
NA10831	42522857	ALT	0.0157
NA10831	42523030	REF	0.9253
NA10831	42523030	ALT	0.1094
NA10831	42523204	REF	0.4734
NA10831	42523204	ALT	0.5009
NA10831	42523378	REF	0.9377
NA10831	42523378	ALT	0.0944
NA10831	42523552	REF	0.9068
NA10831	42523552	ALT	0.0462
NA10831	42523725	REF	0.6638
NA10831	42523725	ALT	0.5228
NA10831	42523899	REF	0.8261
NA10831	42523899	ALT	0.0362
NA10831	42524073	REF	0.9032
NA10831	42524073	ALT	0.127
NA10831	42524247	REF	0.5517
NA10831	42524247	ALT	0.4523
NA10831	42524420	REF	0.9861
NA10831	42524420	ALT	0.0191
NA10831	42524594	REF	0.8651
NA10831	42524594	ALT	0.1284
NA10831	42524768	REF	0.8004
NA10831	42524768	ALT	0.001
NA10831	42524942	REF	0.965
NA10831	42524942	ALT	0.0709
NA10831	42525115	REF	0.7176
NA10831	42525115	ALT	0.0327
NA10831	42525289	REF	0.9956
NA10831	42525289	ALT	0.257
NA10831	42525463	REF	0.9105
NA10831	42525463	ALT	0.0403
NA10831	42525637	REF	0.9167
NA10831	42525637	ALT	0.1473
NA10831	42525810	REF	0.6777
NA10831	42525810	ALT	0.0421
NA10831	42525984	REF	0.9707
NA10831	42525984	ALT	0.0382
NA10831	42526158	REF	0.9956
NA10831	42526158	ALT	0.0784
NA10831	42526332	REF	0.9386
NA10831	42526332	ALT	0.0178
NA10831	42526505	REF	0.8534
NA10831	42526505	ALT	0.1535
NA10831	42526679	REF	0.9494
NA10831	42526679	ALT	0.0271
NA10831	42526853	REF	0.4355
NA10831	42526853	ALT	0.4058
NA10831	42527027	REF	0.962
NA10831	42527027	ALT	0.0295
NA10831	42527200	REF	0.9879
NA10831	42527200	ALT	0.0184
NA10831	42527374	REF	0.8726
NA10831	42527374	ALT	0.0423
NA10831	42527548	REF	0.3138
NA10831	42527548	ALT	0.4828
NA10831	42527722	REF	0.9937
NA10831	42527722	ALT	0.065
NA10831	42527895	REF	0.9333
NA10831	42527895	ALT	0.0859
NA10831	42528069	REF	0.8825
NA10831	42528069	ALT	0.0763
NA10831	42528243	REF	0.9191
NA10831	42528243	ALT	0.0029
NA10831	42528416	REF	0.4823
NA10831	42528416	ALT	0.5848
NA10831	42528590	REF	0.993
NA10831	42528590	ALT	0.0126
NA10831	42528764	REF	0.8899
NA10831	42528764	ALT	0.099
NA10831	42528938	REF	0.3659
NA10831	42528938	ALT	0.5728
NA10831	42529111	REF	0.9656
NA10831	42529111	ALT	0.0125
NA10831	42529285	REF	0.9042
NA10831	42529285	ALT	0.0126
NA10831	42529459	REF	0.954
NA10831	42529459	ALT	0.1287
NA10831	42529633	REF	0.9565
NA10831	42529633	ALT	0.0602
NA10831	42529806	REF	0.9968
NA10831	42529806	ALT	0.0087
NA10831	42529980	REF	0.9028
NA10831	42529980	ALT	0.0022
NA10831	42530154	REF	0.8443
NA10831	42530154	ALT	0.1055
NA10831	42530328	REF	0.963
NA10831	42530328	ALT	0.072
NA10831	42530501	REF	0.952
NA10831	42530501	ALT	0.0107
NA10831	42530675	REF	0.9975
NA10831	42530675	ALT	0.1573
NA10831	42530849	REF	0.8059
NA10831	42530849	ALT	0.0671
NA10831	42531023	REF	0.8792
NA10831	42531023	ALT	0.0014
NA10831	42531196	REF	0.9023
NA10831	42531196	ALT	0.1165
NA10831	42531370	REF	0.8346
NA10831	42531370	ALT	0.0294
NA10831	42531544	REF	0.9762
NA10831	42531544	ALT	0.0013
NA10831	42531718	REF	0.9356
NA10831	42531718	ALT	0.0201
NA10831	42531891	REF	0.6775
NA10831	42531891	ALT	0.4756
NA10831	42532065	REF	0.3364
NA10831	42532065	ALT	0.4755
NA10831	42532239	REF	0.9748
NA10831	42532239	ALT	0.0224
NA10831	42532413	REF	0.9249
NA10831	42532413	ALT	0.0258
NA10831	42532586	REF	0.4487
NA10831	42532586	ALT	0.593
NA10831	42532760	REF	0.9352
NA10831	42532760	ALT	0.1415
NA10831	42532934	REF	0.7266
NA10831	42532934	ALT	0.0063
NA10831	42533108	REF	0.7969
NA10831	42533108	ALT	0.0387
NA10831	42533281	REF	0.5383
NA10831	42533281	ALT	0.5123
NA10831	42533455	REF	0.5168
NA10831	42533455	ALT	0.4166
NA10831	42533629	REF	0.9072
NA10831	42533629	ALT	0.0543
NA10831	42533803	REF	0.7736
NA10831	42533803	ALT	0.1425
NA10831	42533976	REF	0.8343
NA10831	42533976	ALT	0.0018
NA10831	42534150	REF	0.9744
NA10831	42534150	ALT	0.0182
NA10831	42534324	REF	0.8715
NA10831	42534324	ALT	0.0946
NA10831	42534498	REF	0.976
NA10831	42534498	ALT	0.0529
NA10831	42534671	REF	0.8713
NA10831	42534671	ALT	0.1872
NA10831	42534845	REF	0.3805
NA10831	42534845	ALT	0.6673
NA10831	42535019	REF	0.6963
NA10831	42535019	ALT	0.5235
NA10831	42535193	REF	0.4266
NA10831	42535193	ALT	0.5256
NA10831	42535366	REF	0.4124
NA10831	42535366	ALT	0.5868
NA10831	42535540	REF	0.9714
NA10831	42535540	ALT	0.0313
NA10831	42535714	REF	0.9214
NA10831	42535714	ALT	0.1057
NA10831	42535888	REF	0.9433
NA10831	42535888	ALT	0.0342
NA10831	42536061	REF	0.9849
NA10831	42536061	ALT	0.0916
NA10831	42536235	REF	0.8558
NA10831	42536235	ALT	0.1293
NA10831	42536409	REF	0.9539
NA10831	42536409	ALT	0.1198
NA10831	42536583	REF	0.9486
NA10831	42536583	ALT	0.1707
NA10831	42536756	REF	0.6632
NA10831	42536756	ALT	0.0839
NA10831	42536930	REF	0.9068
NA10831	42536930	ALT	0.1804
NA10831	42537104	REF	0.3876
NA10831	42537104	ALT	0.4723
NA10831	42537277	REF	0.3283
NA10831	42537277	ALT	0.5923
NA10831	42537451	REF	0.8148
NA10831	42537451	ALT	0.0199
NA10831	42537625	REF	0.9896
NA10831	42537625	ALT	0.1043
NA10831	42537799	REF	0.9321
NA10831	42537799	ALT	0.149
NA10831	42537972	REF	0.8725
NA10831	42537972	ALT	0.0056
NA10831	42538146	REF	0.877
NA10831	42538146	ALT	0.026
NA10831	42538320	REF	0.9837
NA10831	42538320	ALT	0.0811
NA10831	42538494	REF	0.3254
NA10831	42538494	ALT	0.6551
NA10831	42538667	REF	0.6141
NA10831	42538667	ALT	0.0747
NA10831	42538841	REF	0.8382
NA10831	42538841	ALT	0.0054
NA10831	42539015	REF	0.4324
NA10831	42539015	ALT	0.5761
NA10831	42539189	REF	0.914
NA10831	42539189	ALT	0.1296
NA10831	42539362	REF	0.9315
NA10831	42539362	ALT	0.0028
NA10831	42539536	REF	0.9755
NA10831	42539536	ALT	0.0035
NA10831	42539710	REF	0.8697
NA10831	42539710	ALT	0.01
NA10831	42539884	REF	0.86
NA10831	42539884	ALT	0.1079
NA10831	42540057	REF	0.3962
NA10831	42540057	ALT	0.5146
NA10831	42540231	REF	0.9386
NA10831	42540231	ALT	0.0402
NA10831	42540405	REF	0.46
NA10831	42540405	ALT	0.528
NA10831	42540579	REF	0.7837
NA10831	42540579	ALT	0.0558
NA10831	42540752	REF	0.9473
NA10831	42540752	ALT	0.0047
NA10831	42540926	REF	0.3956
NA10831	42540926	ALT	0.4741
NA10831	42541100	REF	0.4445
NA10831	42541100	ALT	0.5236
NA10831	42541274	REF	0.8986
NA10831	42541274	ALT	0.1656
NA10831	42541447	REF	0.9249
NA10831	42541447	ALT	0.003
NA10831	42541621	REF	0.9325
NA10831	42541621	ALT	0.1161
NA10831	42541795	REF	0.5452
NA10831	42541795	ALT	0.302
NA10831	42541969	REF	0.9123
NA10831	42541969	ALT	0.0251
NA10831	42542142	REF	0.8674
NA10831	42542142	ALT	0.0355
NA10831	42542316	REF	0.4795
NA10831	42542316	ALT	0.5202
NA10831	42542490	REF	0.8435
NA10831	42542490	ALT	0.079
NA10831	42542664	REF	0.9695
NA10831	42542664	ALT	0.0137
NA10831	42542837	REF	0.7867
NA10831	42542837	ALT	0.0017
NA10831	42543011	REF	0.9836
NA10831	42543011	ALT	0.0607
NA10831	42543185	REF	0.9944
NA10831	42543185	ALT	0.1233
NA10831	42543359	REF	0.9854
NA10831	42543359	ALT	0.085
NA10831	42543532	REF	0.8557
NA10831	42543532	ALT	0.2616
NA10831	42543706	REF	0.9669
NA10831	42543706	ALT	0.2917
NA10831	42543880	REF	0.9287
NA10831	42543880	ALT	0.1116
NA10831	42544054	REF	0.9008
NA10831	42544054	ALT	0.2994
NA10831	42544227	REF	0.9741
NA10831	42544227	ALT	0.0497
NA10831	42544401	REF	0.9225
NA10831	42544401	ALT	0.2611
NA10831	42544575	REF	0.913
NA10831	42544575	ALT	0.0008
NA10831	42544749	REF	0.9348
NA10831	42544749	ALT	0.2142
NA10831	42544922	REF	0.8926
NA10831	42544922	ALT	0.0125
NA10831	42545096	REF	0.9704
NA10831	42545096	ALT	0.1635
NA10831	42545270	REF	0.9287
NA10831	42545270	ALT	0.0236
NA10831	42545444	REF	0.4288
NA10831	42545444	ALT	0.5295
NA10831	42545617	REF	0.8499
NA10831	42545617	ALT	0.0029
NA10831	42545791	REF	0.6061
NA10831	42545791	ALT	0.2749
NA10831	42545965	REF	0.8939
NA10831	42545965	ALT	0.0025
NA10831	42546138	REF	0.7938
NA10831	42546138	ALT	0.0929
NA10831	42546312	REF	0.9778
NA10831	42546312	ALT	0.0074
NA10831	42546486	REF	0.5375
NA10831	42546486	ALT	0.441
NA10831	42546660	REF	0.9853
NA10831	42546660	ALT	0.0056
NA10831	42546833	REF	0.9462
NA10831	42546833	ALT	0.0612
NA10831	42547007	REF	0.9458
NA10831	42547007	ALT	0.3125
NA10831	42547181	REF	0.9925
NA10831	42547181	ALT	0.0516
NA10831	42547355	REF	0.9979
NA10831	42547355	ALT	0.0203
NA10831	42547528	REF	0.9546
NA10831	42547528	ALT	0.0002
NA10831	42547702	REF	0.8868
NA10831	42547702	ALT	0.1677
NA10831	42547876	REF	0.9853
NA10831	42547876	ALT	0.1442
NA10831	42548050	REF	0.8204
NA10831	42548050	ALT	0.079
NA10831	42548223	REF	0.9775
NA10831	42548223	ALT	0.1166
NA10831	42548397	REF	0.5412
NA10831	42548397	ALT	0.6614
NA10831	42548571	REF	0.9135
NA10831	42548571	ALT	0.0466
NA10831	42548745	REF	0.9472
NA10831	42548745	ALT	0.0004
NA10831	42548918	REF	0.9726
NA10831	42548918	ALT	0.2814
NA10831	42549092	REF	0.8708
NA10831	42549092	ALT	0.0912
NA10831	42549266	REF	0.9215
NA10831	42549266	ALT	0.0116
NA10831	42549440	REF	0.957
NA10831	42549440	ALT	0.0062
NA10831	42549613	REF	0.5714
NA10831	42549613	ALT	0.3766
NA10831	42549787	REF	0.9137
NA10831	42549787	ALT	0.0411
NA10831	42549961	REF	0.8353
NA10831	42549961	ALT	0.1061
NA10831	42550135	REF	0.9868
NA10831	42550135	ALT	0.1156
NA10831	42550308	REF	0.924
NA10831	42550308	ALT	0.0031
NA10831	42550482	REF	0.9564
NA10831	42550482	ALT	0.297
NA10831	42550656	REF	0.8979
NA10831	42550656	ALT	0.1064
NA10831	42550830	REF	0.992
NA10831	42550830	ALT	0.0881
NA10831	42551003	REF	0.3942
NA10831	42551003	ALT	0.6603
NA10831	42551177	REF	0.9777
NA10831	42551177	ALT	0.1044
NA10831	42551351	REF	0.6253
NA10831	42551351	ALT	0.352
NA10831	42551525	REF	0.818
NA10831	42551525	ALT	0.011
NA10831	42551698	REF	0.9699
NA10831	42551698	ALT	0.0257
NA10831	42551872	REF	0.9754
NA10831	42551872	ALT	0.0128
NA10831	42552046	REF	0.9379
NA10831	42552046	ALT	0.1386
NA10831	42552220	REF	0.8228
NA10831	42552220	ALT	0.2666
NA10831	42552393	REF	0.8733
NA10831	42552393	ALT	0.0281
NA10831	42552567	REF	0.4609
NA10831	42552567	ALT	0.517
NA10831	42552741	REF	0.6826
NA10831	42552741	ALT	0.5754
NA10831	42552915	REF	0.906
NA10831	42552915	ALT	0.44
NA10831	42553088	REF	0.9732
NA10831	42553088	ALT	0.0715
NA10831	42553262	REF	0.8261
NA10831	42553262	ALT	0.2648
NA10831	42553436	REF	0.9497
NA10831	42553436	ALT	0.1031
NA10831	42553610	REF	0.947
NA10831	42553610	ALT	0.0016
NA10831	42553783	REF	0.8279
NA10831	42553783	ALT	0.0161
NA10831	42553957	REF	0.803
NA10831	42553957	ALT	0.1125
NA10831	42554131	REF	0.9567
NA10831	42554131	ALT	0.0183
NA10831	42554305	REF	0.9764
NA10831	42554305	ALT	0.1593
NA10831	42554478	REF	0.3971
NA10831	42554478	ALT	0.4597
NA10831	42554652	REF	0.9575
NA10831	42554652	ALT	0.001
NA10831	42554826	REF	0.942
NA10831	42554826	ALT	0.0257
NA10831	42555000	REF	0.826
NA10831	42555000	ALT	0.0001
NA19109	42510000	REF	0.5638
NA19109	42510000	ALT	0.7314
NA19109	42510173	REF	0.7344
NA19109	42510173	ALT	0.0033
NA19109	42510347	REF	0.9678
NA19109	42510347	ALT	0.0832
NA19109	42510521	REF	0.77
NA19109	42510521	ALT	0.0556
NA19109	42510694	REF	0.9688
NA19109	42510694	ALT	0.0747
NA19109	42510868	REF	0.7589
NA19109	42510868	ALT	0.0054
NA19109	42511042	REF	0.5069
NA19109	42511042	ALT	0.4763
NA19109	42511216	REF	0.7898
NA19109	42511216	ALT	0.0098
NA19109	42511389	REF	0.9208
NA19109	42511389	ALT	0.0284
NA19109	42511563	REF	0.8932
NA19109	42511563	ALT	0.0396
NA19109	42511737	REF	0.9373
NA19109	42511737	ALT	0.1359
NA19109	42511911	REF	0.7721
NA19109	42511911	ALT	0.025
NA19109	42512084	REF	0.9635
NA19109	42512084	ALT	0.0657
NA19109	42512258	REF	0.9664
NA19109	42512258	ALT	0.0465
NA19109	42512432	REF	0.9347
NA19109	42512432	ALT	0.012
NA19109	42512606	REF	0.9635
NA19109	42512606	ALT	0.0013
NA19109	42512779	REF	0.9582
NA19109	42512779	ALT	0.1408
NA19109	42512953	REF	0.6524
NA19109	42512953	ALT	0.6331
NA19109	42513127	REF	0.8405
NA19109	42513127	ALT	0.0236
NA19109	42513301	REF	0.7432
NA19109	42513301	ALT	0.0614
NA19109	42513474	REF	0.8794
NA19109	42513474	ALT	0.1014
NA19109	42513648	REF	0.968
NA19109	42513648	ALT	0.0287
NA19109	42513822	REF	0.9682
NA19109	42513822	ALT	0.062
NA19109	42513996	REF	0.3628
NA19109	42513996	ALT	0.5662
NA19109	42514169	REF	0.797
NA19109	42514169	ALT	0.1135
NA19109	42514343	REF	0.948
NA19109	42514343	ALT	0.1058
NA19109	42514517	REF	0.8951
NA19109	42514517	ALT	0.1481
NA19109	42514691	REF	0.9568
NA19109	42514691	ALT	0.0164
NA19109	42514864	REF	0.9822
NA19109	42514864	ALT	0.141
NA19109	42515038	REF	0.9682
NA19109	42515038	ALT	0.0117
NA19109	42515212	REF	0.8429
NA19109	42515212	ALT	0.0129
NA19109	42515386	REF	0.7798
NA19109	42515386	ALT	0.0405
NA19109	42515559	REF	0.8581
NA19109	42515559	ALT	0.1299
NA19109	42515733	REF	0.3548
NA19109	42515733	ALT	0.4548
NA19109	42515907	REF	0.9231
NA19109	42515907	ALT	0.0283
NA19109	42516081	REF	0.8833
NA19109	42516081	ALT	0.0338
NA19109	42516254	REF	0.9342
NA19109	42516254	ALT	0.0214
NA19109	42516428	REF	0.8115
NA19109	42516428	ALT	0.0876
NA19109	42516602	REF	0.9043
NA19109	42516602	ALT	0.023
NA19109	42516776	REF	0.5727
NA19109	42516776	ALT	0.4238
NA19109	42516949	REF	0.9687
NA19109	42516949	ALT	0.0617
NA19109	42517123	REF	0.9643
NA19109	42517123	ALT	0.0078
NA19109	42517297	REF	0.9705
NA19109	42517297	ALT	0.0843
NA19109	42517471	REF	0.8235
NA19109	42517471	ALT	0.1679
NA19109	42517644	REF	0.9441
NA19109	42517644	ALT	0.0025
NA19109	42517818	REF	0.6935
NA19109	42517818	ALT	0.4714
NA19109	42517992	REF	0.8085
NA19109	42517992	ALT	0.021
NA19109	42518166	REF	0.8455
NA19109	42518166	ALT	0.0784
NA19109	42518339	REF	0.9677
NA19109	42518339	ALT	0.0552
NA19109	42518513	REF	0.9537
NA19109	42518513	ALT	0.0854
NA19109	42518687	REF	0.997
NA19109	42518687	ALT	0.0076
NA19109	42518861	REF	0.65
NA19109	42518861	ALT	0.6124
NA19109	42519034	REF	0.9794
NA19109	42519034	ALT	0.0243
NA19109	42519208	REF	0.7531
NA19109	42519208	ALT	0.008
NA19109	42519382	REF	0.8736
NA19109	42519382	ALT	0.0559
NA19109	42519555	REF	0.9622
NA19109	42519555	ALT	0.117
NA19109	42519729	REF	0.9617
NA19109	42519729	ALT	0.0187
NA19109	42519903	REF	0.544
NA19109	42519903	ALT	0.4352
NA19109	42520077	REF	0.9594
NA19109	42520077	ALT	0.0
NA19109	42520250	REF	0.7723
NA19109	42520250	ALT	0.1101
NA19109	42520424	REF	0.9451
NA19109	42520424	ALT	0.1221
NA19109	42520598	REF	0.8872
NA19109	42520598	ALT	0.0543
NA19109	42520772	REF	0.9251
NA19109	42520772	ALT	0.0303
NA19109	42520945	REF	0.4735
NA19109	42520945	ALT	0.6154
NA19109	42521119	REF	0.9468
NA19109	42521119	ALT	0.0097
NA19109	42521293	REF	0.8772
NA19109	42521293	ALT	0.1122
NA19109	42521467	REF	0.8687
NA19109	42521467	ALT	0.004
NA19109	42521640	REF	0.8998
NA19109	42521640	ALT	0.0605
NA19109	42521814	REF	0.8137
NA19109	42521814	ALT	0.0018
NA19109	42521988	REF	0.8495
NA19109	42521988	ALT	0.0268
NA19109	42522162	REF	0.9992
NA19109	42522162	ALT	0.0482
NA19109	42522335	REF	0.8329
NA19109	42522335	ALT	0.2109
NA19109	42522509	REF	0.9077
NA19109	42522509	ALT	0.0234
NA19109	42522683	REF	0.4545
NA19109	42522683	ALT	0.515
NA19109	42522857	REF	0.5619
NA19109	42522857	ALT	0.2377
NA19109	42523030	REF	0.5857
NA19109	42523030	ALT	0.3576
NA19109	42523204	REF	0.9334
NA19109	42523204	ALT	0.024
NA19109	42523378	REF	0.702
NA19109	42523378	ALT	0.7251
NA19109	42523552	REF	0.2286
NA19109	42523552	ALT	0.4625
NA19109	42523725	REF	0.4997
NA19109	42523725	ALT	0.7189
NA19109	42523899	REF	0.4439
NA19109	42523899	ALT	0.4379
NA19109	42524073	REF	0.8989
NA19109	42524073	ALT	0.0422
NA19109	42524247	REF	0.9224
NA19109	42524247	ALT	0.0616
NA19109	42524420	REF	0.9531
NA19109	42524420	ALT	0.0024
NA19109	42524594	REF	0.8218
NA19109	42524594	ALT	0.0028
NA19109	42524768	REF	0.8675
NA19109	42524768	ALT	0.1699
NA19109	42524942	REF	0.9738
NA19109	42524942	ALT	0.1694
NA19109	42525115	REF	0.9566
NA19109	42525115	ALT	0.0194
NA19109	42525289	REF	0.9037
NA19109	42525289	ALT	0.0196
NA19109	42525463	REF	0.933
NA19109	42525463	ALT	0.0692
NA19109	42525637	REF	0.9811
NA19109	42525637	ALT	0.0457
NA19109	42525810	REF	0.8554
NA19109	42525810	ALT	0.001
NA19109	42525984	REF	0.9022
NA19109	42525984	ALT	0.0149
NA19109	42526158	REF	0.9753
NA19109	42526158	ALT	0.0334
NA19109	42526332	REF	0.9826
NA19109	42526332	ALT	0.152
NA19109	42526505	REF	0.9607
NA19109	42526505	ALT	0.0123
NA19109	42526679	REF	0.9695
NA19109	42526679	ALT	0.1074
NA19109	42526853	REF	0.959
NA19109	42526853	ALT	0.0647
NA19109	42527027	REF	0.893
NA19109	42527027	ALT	0.0566
NA19109	42527200	REF	0.4563
NA19109	42527200	ALT	0.4715
NA19109	42527374	REF	0.7832
NA19109	42527374	ALT	0.0725
NA19109	42527548	REF	0.9998
NA19109	42527548	ALT	0.0222
NA19109	42527722	REF	0.983
NA19109	42527722	ALT	0.0264
NA19109	42527895	REF	0.8976
NA19109	42527895	ALT	0.0235
NA19109	42528069	REF	0.9439
NA19109	42528069	ALT	0.1526
NA19109	42528243	REF	0.9727
NA19109	42528243	ALT	0.0067
NA19109	42528416	REF	0.5247
NA19109	42528416	ALT	0.2398
NA19109	42528590	REF	0.8058
NA19109	42528590	ALT	0.0103
NA19109	42528764	REF	0.9455
NA19109	42528764	ALT	0.0024
NA19109	42528938	REF	0.9816
NA19109	42528938	ALT	0.0274
NA19109	42529111	REF	0.7547
NA19109	42529111	ALT	0.6184
NA19109	42529285	REF	0.9883
NA19109	42529285	ALT	0.001
NA19109	42529459	REF	0.9341
NA19109	42529459	ALT	0.0238
NA19109	42529633	REF	0.9902
NA19109	42529633	ALT	0.0201
NA19109	42529806	REF	0.8654
NA19109	42529806	ALT	0.1222
NA19109	42529980	REF	0.8756
NA19109	42529980	ALT	0.0248
NA19109	42530154	REF	0.4502
NA19109	42530154	ALT	0.6749
NA19109	42530328	REF	0.9798
NA19109	42530328	ALT	0.0544
NA19109	42530501	REF	0.453
NA19109	42530501	ALT	0.6658
NA19109	42530675	REF	0.8795
NA19109	42530675	ALT	0.0723
NA19109	42530849	REF	0.8441
NA19109	42530849	ALT	0.0665
NA19109	42531023	REF	0.9695
NA19109	42531023	ALT	0.0689
NA19109	42531196	REF	0.8482
NA19109	42531196	ALT	0.2534
NA19109	42531370	REF	0.8417
NA19109	42531370	ALT	0.0073
NA19109	42531544	REF	0.8497
NA19109	42531544	ALT	0.0102
NA19109	42531718	REF	0.399
NA19109	42531718	ALT	0.3243
NA19109	42531891	REF	0.7769
NA19109	42531891	ALT	0.0473
NA19109	42532065	REF	0.9232
NA19109	42532065	ALT	0.0158
NA19109	42532239	REF	0.9816
NA19109	42532239	ALT	0.0051
NA19109	42532413	REF	0.9605
NA19109	42532413	ALT	0.0107
NA19109	42532586	REF	0.9029
NA19109	42532586	ALT	0.052
NA19109	42532760	REF	0.685
NA19109	42532760	ALT	0.1069
NA19109	42532934	REF	0.9545
NA19109	42532934	ALT	0.0551
NA19109	42533108	REF	0.4465
NA19109	42533108	ALT	0.4841
NA19109	42533281	REF	0.9479
NA19109	42533281	ALT	0.0882
NA19109	42533455	REF	0.827
NA19109	42533455	ALT	0.0818
NA19109	42533629	REF	0.9477
NA19109	42533629	ALT	0.0761
NA19109	42533803	REF	0.9475
NA19109	42533803	ALT	0.0
NA19109	42533976	REF	0.8234
NA19109	42533976	ALT	0.0303
NA19109	42534150	REF	0.8501
NA19109	42534150	ALT	0.1856
NA19109	42534324	REF	0.6444
NA19109	42534324	ALT	0.0144
NA19109	42534498	REF	0.9495
NA19109	42534498	ALT	0.0012
NA19109	42534671	REF	0.8584
NA19109	42534671	ALT	0.0013
NA19109	42534845	REF	0.482
NA19109	42534845	ALT	0.625
NA19109	42535019	REF	0.5623
NA19109	42535019	ALT	0.4902
NA19109	42535193	REF	0.7971
NA19109	42535193	ALT	0.0212
NA19109	42535366	REF	0.9299
NA19109	42535366	ALT	0.0029
NA19109	42535540	REF	0.8106
NA19109	42535540	ALT	0.078
NA19109	42535714	REF	0.879
NA19109	42535714	ALT	0.0392
NA19109	42535888	REF	0.9876
NA19109	42535888	ALT	0.1145
NA19109	42536061	REF	0.8745
NA19109	42536061	ALT	0.1642
NA19109	42536235	REF	0.6486
NA19109	42536235	ALT	0.5006
NA19109	42536409	REF	0.8116
NA19109	42536409	ALT	0.1161
NA19109	42536583	REF	0.907
NA19109	42536583	ALT	0.0936
NA19109	42536756	REF	0.9546
NA19109	42536756	ALT	0.0265
NA19109	42536930	REF	0.883
NA19109	42536930	ALT	0.074
NA19109	42537104	REF	0.9175
NA19109	42537104	ALT	0.0396
NA19109	42537277	REF	0.9955
NA19109	42537277	ALT	0.0861
NA19109	42537451	REF	0.9963
NA19109	42537451	ALT	0.0136
NA19109	42537625	REF	0.3651
NA19109	42537625	ALT	0.3028
NA19109	42537799	REF	0.6419
NA19109	42537799	ALT	0.5951
NA19109	42537972	REF	0.4726
NA19109	42537972	ALT	0.382
NA19109	42538146	REF	0.9711
NA19109	42538146	ALT	0.0495
NA19109	42538320	REF	0.7871
NA19109	42538320	ALT	0.028
NA19109	42538494	REF	0.9892
NA19109	42538494	ALT	0.1066
NA19109	42538667	REF	0.9194
NA19109	42538667	ALT	0.0064
NA19109	42538841	REF	0.666
NA19109	42538841	ALT	0.0166
NA19109	42539015	REF	0.9515
NA19109	42539015	ALT	0.0928
NA19109	42539189	REF	0.963
NA19109	42539189	ALT	0.1556
NA19109	42539362	REF	0.6822
NA19109	42539362	ALT	0.4694
NA19109	42539536	REF	0.8777
NA19109	42539536	ALT	0.0868
NA19109	42539710	REF	0.7756
NA19109	42539710	ALT	0.0022
NA19109	42539884	REF	0.9354
NA19109	42539884	ALT	0.2381
NA19109	42540057	REF	0.9684
NA19109	42540057	ALT	0.047
NA19109	42540231	REF	0.8286
NA19109	42540231	ALT	0.1407
NA19109	42540405	REF	0.7198
NA19109	42540405	ALT	0.2353
NA19109	42540579	REF	0.3075
NA19109	42540579	ALT	0.4837
NA19109	42540752	REF	0.8625
NA19109	42540752	ALT	0.1219
NA19109	42540926	REF	0.9006
NA19109	42540926	ALT	0.0315
NA19109	42541100	REF	0.8396
NA19109	42541100	ALT	0.0226
NA19109	42541274	REF	0.7971
NA19109	42541274	ALT	0.018
NA19109	42541447	REF	0.8386
NA19109	42541447	ALT	0.1237
NA19109	42541621	REF	0.8929
NA19109	42541621	ALT	0.0122
NA19109	42541795	REF	0.8724
NA19109	42541795	ALT	0.0942
NA19109	42541969	REF	0.8486
NA19109	42541969	ALT	0.0555
NA19109	42542142	REF	0.591
NA19109	42542142	ALT	0.5595
NA19109	42542316	REF	0.5088
NA19109	42542316	ALT	0.4247
NA19109	42542490	REF	0.8746
NA19109	42542490	ALT	0.0085
NA19109	42542664	REF	0.8346
NA19109	42542664	ALT	0.0378
NA19109	42542837	REF	0.9901
NA19109	42542837	ALT	0.1367
NA19109	42543011	REF	0.931
NA19109	42543011	ALT	0.059
NA19109	42543185	REF	0.9916
NA19109	42543185	ALT	0.1157
NA19109	42543359	REF	0.9926
NA19109	42543359	ALT	0.0378
NA19109	42543532	REF	0.9255
NA19109	42543532	ALT	0.0943
NA19109	42543706	REF	0.9882
NA19109	42543706	ALT	0.2333
NA19109	42543880	REF	0.4727
NA19109	42543880	ALT	0.5244
NA19109	42544054	REF	0.9966
NA19109	42544054	ALT	0.0354
NA19109	42544227	REF	0.9393
NA19109	42544227	ALT	0.0665
NA19109	42544401	REF	0.8822
NA19109	42544401	ALT	0.1739
NA19109	42544575	REF	0.425
NA19109	42544575	ALT	0.4911
NA19109	42544749	REF	0.9458
NA19109	42544749	ALT	0.1367
NA19109	42544922	REF	0.9237
NA19109	42544922	ALT	0.0182
NA19109	42545096	REF	0.9333
NA19109	42545096	ALT	0.031
NA19109	42545270	REF	0.8789
NA19109	42545270	ALT	0.0148
NA19109	42545444	REF	0.9297
NA19109	42545444	ALT	0.0037
NA19109	42545617	REF	0.9363
NA19109	42545617	ALT	0.051
NA19109	42545791	REF	0.8907
NA19109	42545791	ALT	0.0688
NA19109	42545965	REF	0.5813
NA19109	42545965	ALT	0.4393
NA19109	42546138	REF	0.9589
NA19109	42546138	ALT	0.1344
NA19109	42546312	REF	0.6607
NA19109	42546312	ALT	0.4615
NA19109	42546486	REF	0.7136
NA19109	42546486	ALT	0.1014
NA19109	42546660	REF	0.9712
NA19109	42546660	ALT	0.0301
NA19109	42546833	REF	0.5416
NA19109	42546833	ALT	0.419
NA19109	42547007	REF	0.4852
NA19109	42547007	ALT	0.4782
NA19109	42547181	REF	0.5594
NA19109	42547181	ALT	0.5395
NA19109	42547355	REF	0.9986
NA19109	42547355	ALT	0.0674
NA19109	42547528	REF	0.8622
NA19109	42547528	ALT	0.0725
NA19109	42547702	REF	0.9435
NA19109	42547702	ALT	0.1137
NA19109	42547876	REF	0.9645
NA19109	42547876	ALT	0.1321
NA19109	42548050	REF	0.9611
NA19109	42548050	ALT	0.0731
NA19109	42548223	REF	0.8627
NA19109	42548223	ALT	0.0381
NA19109	42548397	REF	0.8304
NA19109	42548397	ALT	0.0294
NA19109	42548571	REF	0.9505
NA19109	42548571	ALT	0.0362
NA19109	42548745	REF	0.96
NA19109	42548745	ALT	0.0412
NA19109	42548918	REF	0.9797
NA19109	42548918	ALT	0.1218
NA19109	42549092	REF	0.9785
NA19109	42549092	ALT	0.1798
NA19109	42549266	REF	0.719
NA19109	42549266	ALT	0.0686
NA19109	42549440	REF	0.7179
NA19109	42549440	ALT	0.3585
NA19109	42549613	REF	0.779
NA19109	42549613	ALT	0.0517
NA19109	42549787	REF	0.4685
NA19109	42549787	ALT	0.5225
NA19109	42549961	REF	0.9518
NA19109	42549961	ALT	0.0916
NA19109	42550135	REF	0.9458
NA19109	42550135	ALT	0.053
NA19109	42550308	REF	0.9132
NA19109	42550308	ALT	0.0818
NA19109	42550482	REF	0.9107
NA19109	42550482	ALT	0.0116
NA19109	42550656	REF	0.7525
NA19109	42550656	ALT	0.0406
NA19109	42550830	REF	0.8394
NA19109	42550830	ALT	0.0711
NA19109	42551003	REF	0.5651
NA19109	42551003	ALT	0.6596
NA19109	42551177	REF	0.3445
NA19109	42551177	ALT	0.5548
NA19109	42551351	REF	0.7937
NA19109	42551351	ALT	0.0044
NA19109	42551525	REF	0.9892
NA19109	42551525	ALT	0.0285
NA19109	42551698	REF	0.967
NA19109	42551698	ALT	0.009
NA19109	42551872	REF	0.8544
NA19109	42551872	ALT	0.0235
NA19109	42552046	REF	0.7151
NA19109	42552046	ALT	0.0043
NA19109	42552220	REF	0.9958
NA19109	42552220	ALT	0.0018
NA19109	42552393	REF	0.7763
NA19109	42552393	ALT	0.0193
NA19109	42552567	REF	0.941
NA19109	42552567	ALT	0.1776
NA19109	42552741	REF	0.7938
NA19109	42552741	ALT	0.0374
NA19109	42552915	REF	0.9519
NA19109	42552915	ALT	0.0045
NA19109	42553088	REF	0.9188
NA19109	42553088	ALT	0.0306
NA19109	42553262	REF	0.8643
NA19109	42553262	ALT	0.0013
NA19109	42553436	REF	0.3052
NA19109	42553436	ALT	0.5681
NA19109	42553610	REF	0.9166
NA19109	42553610	ALT	0.0168
NA19109	42553783	REF	0.871
NA19109	42553783	ALT	0.0612
NA19109	42553957	REF	0.9422
NA19109	42553957	ALT	0.1309
NA19109	42554131	REF	0.9119
NA19109	42554131	ALT	0.03
NA19109	42554305	REF	0.9136
NA19109	42554305	ALT	0.0224
NA19109	42554478	REF	0.7661
NA19109	42554478	ALT	0.0224
NA19109	42554652	REF	0.9592
NA19109	42554652	ALT	0.1524
NA19109	42554826	REF	0.8955
NA19109	42554826	ALT	0.0142
NA19109	42555000	REF	0.8363
NA19109	42555000	ALT	0.0506
