sample	title	position	depth
NA18973	NA18973 (no structural variation)	42510000	34.623
NA18973	NA18973 (no structural variation)	42510173	36.876
NA18973	NA18973 (no structural variation)	42510347	33.879
NA18973	NA18973 (no structural variation)	42510521	41.651
NA18973	NA18973 (no structural variation)	42510694	35.26
NA18973	NA18973 (no structural variation)	42510868	51.37
NA18973	NA18973 (no structural variation)	42511042	32.66
NA18973	NA18973 (no structural variation)	42511216	32.93
NA18973	NA18973 (no structural variation)	42511389	30.779
NA18973	NA18973 (no structural variation)	42511563	42.812
NA18973	NA18973 (no structural variation)	42511737	31.849
NA18973	NA18973 (no structural variation)	42511911	47.469
NA18973	NA18973 (no structural variation)	42512084	34.492
NA18973	NA18973 (no structural variation)	42512258	45.196
NA18973	NA18973 (no structural variation)	42512432	53.46
NA18973	NA18973 (no structural variation)	42512606	34.544
NA18973	NA18973 (no structural variation)	42512779	18.236
NA18973	NA18973 (no structural variation)	42512953	44.48
NA18973	NA18973 (no structural variation)	42513127	44.47
NA18973	NA18973 (no structural variation)	42513301	39.61
NA18973	NA18973 (no structural variation)	42513474	40.049
NA18973	NA18973 (no structural variation)	42513648	48.258
NA18973	NA18973 (no structural variation)	42513822	28.553
NA18973	NA18973 (no structural variation)	42513996	39.793
NA18973	NA18973 (no structural variation)	42514169	52.823
NA18973	NA18973 (no structural variation)	42514343	36.006
NA18973	NA18973 (no structural variation)	42514517	39.531
NA18973	NA18973 (no structural variation)	42514691	39.327
NA18973	NA18973 (no structural variation)	42514864	47.401
NA18973	NA18973 (no structural variation)	42515038	28.804
NA18973	NA18973 (no structural variation)	42515212	37.283
NA18973	NA18973 (no structural variation)	42515386	46.069
NA18973	NA18973 (no structural variation)	42515559	48.96
NA18973	NA18973 (no structural variation)	42515733	31.951
NA18973	NA18973 (no structural variation)	42515907	43.171
NA18973	NA18973 (no structural variation)	42516081	38.731
NA18973	NA18973 (no structural variation)	42516254	43.115
NA18973	NA18973 (no structural variation)	42516428	50.762
NA18973	NA18973 (no structural variation)	42516602	29.431
NA18973	NA18973 (no structural variation)	42516776	34.215
NA18973	NA18973 (no structural variation)	42516949	38.082
NA18973	NA18973 (no structural variation)	42517123	25.557
NA18973	NA18973 (no structural variation)	42517297	27.907
NA18973	NA18973 (no structural variation)	42517471	38.509
NA18973	NA18973 (no structural variation)	42517644	44.445
NA18973	NA18973 (no structural variation)	42517818	41.18
NA18973	NA18973 (no structural variation)	42517992	36.809
NA18973	NA18973 (no structural variation)	42518166	40.243
NA18973	NA18973 (no structural variation)	42518339	43.628
NA18973	NA18973 (no structural variation)	42518513	43.017
NA18973	NA18973 (no structural variation)	42518687	30.02
NA18973	NA18973 (no structural variation)	42518861	29.309
NA18973	NA18973 (no structural variation)	42519034	46.135
NA18973	NA18973 (no structural variation)	42519208	27.99
NA18973	NA18973 (no structural variation)	42519382	46.434
NA18973	NA18973 (no structural variation)	42519555	44.648
NA18973	NA18973 (no structural variation)	42519729	35.192
NA18973	NA18973 (no structural variation)	42519903	40.728
NA18973	NA18973 (no structural variation)	42520077	44.648
NA18973	NA18973 (no structural variation)	42520250	37.543
NA18973	NA18973 (no structural variation)	42520424	34.48
NA18973	NA18973 (no structural variation)	42520598	44.645
NA18973	NA18973 (no structural variation)	42520772	44.07
NA18973	NA18973 (no structural variation)	42520945	47.62
NA18973	NA18973 (no structural variation)	42521119	32.766
NA18973	NA18973 (no structural variation)	42521293	42.322
NA18973	NA18973 (no structural variation)	42521467	39.923
NA18973	NA18973 (no structural variation)	42521640	46.817
NA18973	NA18973 (no structural variation)	42521814	37.896
NA18973	NA18973 (no structural variation)	42521988	32.671
NA18973	NA18973 (no structural variation)	42522162	42.233
NA18973	NA18973 (no structural variation)	42522335	28.142
NA18973	NA18973 (no structural variation)	42522509	32.954
NA18973	NA18973 (no structural variation)	42522683	38.733
NA18973	NA18973 (no structural variation)	42522857	48.131
NA18973	NA18973 (no structural variation)	42523030	29.918
NA18973	NA18973 (no structural variation)	42523204	36.648
NA18973	NA18973 (no structural variation)	42523378	36.923
NA18973	NA18973 (no structural variation)	42523552	26.001
NA18973	NA18973 (no structural variation)	42523725	42.618
NA18973	NA18973 (no structural variation)	42523899	35.712
NA18973	NA18973 (no structural variation)	42524073	37.834
NA18973	NA18973 (no structural variation)	42524247	41.229
NA18973	NA18973 (no structural variation)	42524420	31.228
NA18973	NA18973 (no structural variation)	42524594	31.427
NA18973	NA18973 (no structural variation)	42524768	49.455
NA18973	NA18973 (no structural variation)	42524942	39.513
NA18973	NA18973 (no structural variation)	42525115	47.416
NA18973	NA18973 (no structural variation)	42525289	49.918
NA18973	NA18973 (no structural variation)	42525463	42.494
NA18973	NA18973 (no structural variation)	42525637	33.219
NA18973	NA18973 (no structural variation)	42525810	52.827
NA18973	NA18973 (no structural variation)	42525984	38.228
NA18973	NA18973 (no structural variation)	42526158	35.965
NA18973	NA18973 (no structural variation)	42526332	42.768
NA18973	NA18973 (no structural variation)	42526505	46.168
NA18973	NA18973 (no structural variation)	42526679	43.741
NA18973	NA18973 (no structural variation)	42526853	37.29
NA18973	NA18973 (no structural variation)	42527027	46.469
NA18973	NA18973 (no structural variation)	42527200	34.833
NA18973	NA18973 (no structural variation)	42527374	42.801
NA18973	NA18973 (no structural variation)	42527548	38.285
NA18973	NA18973 (no structural variation)	42527722	33.509
NA18973	NA18973 (no structural variation)	42527895	44.898
NA18973	NA18973 (no structural variation)	42528069	43.452
NA18973	NA18973 (no structural variation)	42528243	36.367
NA18973	NA18973 (no structural variation)	42528416	36.042
NA18973	NA18973 (no structural variation)	42528590	40.913
NA18973	NA18973 (no structural variation)	42528764	46.945
NA18973	NA18973 (no structural variation)	42528938	50.067
NA18973	NA18973 (no structural variation)	42529111	36.825
NA18973	NA18973 (no structural variation)	42529285	44.874
NA18973	NA18973 (no structural variation)	42529459	47.526
NA18973	NA18973 (no structural variation)	42529633	32.655
NA18973	NA18973 (no structural variation)	42529806	39.619
NA18973	NA18973 (no structural variation)	42529980	30.015
NA18973	NA18973 (no structural variation)	42530154	39.508
NA18973	NA18973 (no structural variation)	42530328	45.037
NA18973	NA18973 (no structural variation)	42530501	42.448
NA18973	NA18973 (no structural variation)	42530675	46.595
NA18973	NA18973 (no structural variation)	42530849	40.892
NA18973	NA18973 (no structural variation)	42531023	32.249
NA18973	NA18973 (no structural variation)	42531196	39.934
NA18973	NA18973 (no structural variation)	42531370	50.562
NA18973	NA18973 (no structural variation)	42531544	31.767
NA18973	NA18973 (no structural variation)	42531718	55.583
NA18973	NA18973 (no structural variation)	42531891	39.701
NA18973	NA18973 (no structural variation)	42532065	39.481
NA18973	NA18973 (no structural variation)	42532239	33.925
NA18973	NA18973 (no structural variation)	42532413	50.564
NA18973	NA18973 (no structural variation)	42532586	18.156
NA18973	NA18973 (no structural variation)	42532760	43.868
NA18973	NA18973 (no structural variation)	42532934	50.618
NA18973	NA18973 (no structural variation)	42533108	41.21
NA18973	NA18973 (no structural variation)	42533281	42.193
NA18973	NA18973 (no structural variation)	42533455	54.289
NA18973	NA18973 (no structural variation)	42533629	31.413
NA18973	NA18973 (no structural variation)	42533803	46.012
NA18973	NA18973 (no structural variation)	42533976	34.339
NA18973	NA18973 (no structural variation)	42534150	40.278
NA18973	NA18973 (no structural variation)	42534324	49.265
NA18973	NA18973 (no structural variation)	42534498	35.02
NA18973	NA18973 (no structural variation)	42534671	42.872
NA18973	NA18973 (no structural variation)	42534845	32.786
NA18973	NA18973 (no structural variation)	42535019	39.464
NA18973	NA18973 (no structural variation)	42535193	44.34
NA18973	NA18973 (no structural variation)	42535366	43.876
NA18973	NA18973 (no structural variation)	42535540	37.842
NA18973	NA18973 (no structural variation)	42535714	39.092
NA18973	NA18973 (no structural variation)	42535888	41.708
NA18973	NA18973 (no structural variation)	42536061	37.931
NA18973	NA18973 (no structural variation)	42536235	35.771
NA18973	NA18973 (no structural variation)	42536409	55.522
NA18973	NA18973 (no structural variation)	42536583	41.964
NA18973	NA18973 (no structural variation)	42536756	33.981
NA18973	NA18973 (no structural variation)	42536930	62.286
NA18973	NA18973 (no structural variation)	42537104	45.67
NA18973	NA18973 (no structural variation)	42537277	37.167
NA18973	NA18973 (no structural variation)	42537451	41.809
NA18973	NA18973 (no structural variation)	42537625	37.595
NA18973	NA18973 (no structural variation)	42537799	49.307
NA18973	NA18973 (no structural variation)	42537972	49.411
NA18973	NA18973 (no structural variation)	42538146	28.636
NA18973	NA18973 (no structural variation)	42538320	32.37
NA18973	NA18973 (no structural variation)	42538494	41.073
NA18973	NA18973 (no structural variation)	42538667	33.894
NA18973	NA18973 (no structural variation)	42538841	39.126
NA18973	NA18973 (no structural variation)	42539015	39.662
NA18973	NA18973 (no structural variation)	42539189	49.683
NA18973	NA18973 (no structural variation)	42539362	50.372
NA18973	NA18973 (no structural variation)	42539536	47.32
NA18973	NA18973 (no structural variation)	42539710	33.256
NA18973	NA18973 (no structural variation)	42539884	38.545
NA18973	NA18973 (no structural variation)	42540057	36.132
NA18973	NA18973 (no structural variation)	42540231	41.461
NA18973	NA18973 (no structural variation)	42540405	41.32
NA18973	NA18973 (no structural variation)	42540579	38.981
NA18973	NA18973 (no structural variation)	42540752	46.203
NA18973	NA18973 (no structural variation)	42540926	42.422
NA18973	NA18973 (no structural variation)	42541100	35.397
NA18973	NA18973 (no structural variation)	42541274	44.618
NA18973	NA18973 (no structural variation)	42541447	41.339
NA18973	NA18973 (no structural variation)	42541621	42.548
NA18973	NA18973 (no structural variation)	42541795	44.316
NA18973	NA18973 (no structural variation)	42541969	38.698
NA18973	NA18973 (no structural variation)	42542142	46.86
NA18973	NA18973 (no structural variation)	42542316	36.485
NA18973	NA18973 (no structural variation)	42542490	57.252
NA18973	NA18973 (no structural variation)	42542664	47.561
NA18973	NA18973 (no structural variation)	42542837	48.124
NA18973	NA18973 (no structural variation)	42543011	34.421
NA18973	NA18973 (no structural variation)	42543185	42.748
NA18973	NA18973 (no structural variation)	42543359	33.428
NA18973	NA18973 (no structural variation)	42543532	34.551
NA18973	NA18973 (no structural variation)	42543706	44.893
NA18973	NA18973 (no structural variation)	42543880	51.915
NA18973	NA18973 (no structural variation)	42544054	43.24
NA18973	NA18973 (no structural variation)	42544227	44.965
NA18973	NA18973 (no structural variation)	42544401	34.314
NA18973	NA18973 (no structural variation)	42544575	24.948
NA18973	NA18973 (no structural variation)	42544749	53.749
NA18973	NA18973 (no structural variation)	42544922	31.041
NA18973	NA18973 (no structural variation)	42545096	35.278
NA18973	NA18973 (no structural variation)	42545270	39.857
NA18973	NA18973 (no structural variation)	42545444	26.072
NA18973	NA18973 (no structural variation)	42545617	28.55
NA18973	NA18973 (no structural variation)	42545791	40.177
NA18973	NA18973 (no structural variation)	42545965	32.431
NA18973	NA18973 (no structural variation)	42546138	37.909
NA18973	NA18973 (no structural variation)	42546312	45.141
NA18973	NA18973 (no structural variation)	42546486	40.68
NA18973	NA18973 (no structural variation)	42546660	39.457
NA18973	NA18973 (no structural variation)	42546833	42.356
NA18973	NA18973 (no structural variation)	42547007	27.259
NA18973	NA18973 (no structural variation)	42547181	36.628
NA18973	NA18973 (no structural variation)	42547355	55.298
NA18973	NA18973 (no structural variation)	42547528	47.985
NA18973	NA18973 (no structural variation)	42547702	38.072
NA18973	NA18973 (no structural variation)	42547876	28.059
NA18973	NA18973 (no structural variation)	42548050	37.041
NA18973	NA18973 (no structural variation)	42548223	43.192
NA18973	NA18973 (no structural variation)	42548397	32.573
NA18973	NA18973 (no structural variation)	42548571	51.964
NA18973	NA18973 (no structural variation)	42548745	33.387
NA18973	NA18973 (no structural variation)	42548918	37.28
NA18973	NA18973 (no structural variation)	42549092	38.678
NA18973	NA18973 (no structural variation)	42549266	42.808
NA18973	NA18973 (no structural variation)	42549440	38.273
NA18973	NA18973 (no structural variation)	42549613	58.743
NA18973	NA18973 (no structural variation)	42549787	28.788
NA18973	NA18973 (no structural variation)	42549961	44.134
NA18973	NA18973 (no structural variation)	42550135	43.536
NA18973	NA18973 (no structural variation)	42550308	30.066
NA18973	NA18973 (no structural variation)	42550482	36.287
NA18973	NA18973 (no structural variation)	42550656	32.256
NA18973	NA18973 (no structural variation)	42550830	31.973
NA18973	NA18973 (no structural variation)	42551003	40.295
NA18973	NA18973 (no structural variation)	42551177	48.592
NA18973	NA18973 (no structural variation)	42551351	33.994
NA18973	NA18973 (no structural variation)	42551525	42.484
NA18973	NA18973 (no structural variation)	42551698	37.556
NA18973	NA18973 (no structural variation)	42551872	28.05
NA18973	NA18973 (no structural variation)	42552046	36.149
NA18973	NA18973 (no structural variation)	42552220	38.122
NA18973	NA18973 (no structural variation)	42552393	55.717
NA18973	NA18973 (no structural variation)	42552567	40.474
NA18973	NA18973 (no structural variation)	42552741	37.359
NA18973	NA18973 (no structural variation)	42552915	42.508
NA18973	NA18973 (no structural variation)	42553088	46.589
NA18973	NA18973 (no structural variation)	42553262	39.768
NA18973	NA18973 (no structural variation)	42553436	43.722
NA18973	NA18973 (no structural variation)	42553610	21.697
NA18973	NA18973 (no structural variation)	42553783	33.188
NA18973	NA18973 (no structural variation)	42553957	32.431
NA18973	NA18973 (no structural variation)	42554131	38.244
NA18973	NA18973 (no structural variation)	42554305	39.193
NA18973	NA18973 (no structural variation)	42554478	41.698
NA18973	NA18973 (no structural variation)	42554652	38.565
NA18973	NA18973 (no structural variation)	42554826	39.73
NA18973	NA18973 (no structural variation)	42555000	36.398
NA10831	NA10831 (CYP2D6 deletion)	42510000	38.056
NA10831	NA10831 (CYP2D6 deletion)	42510173	46.683
NA10831	NA10831 (CYP2D6 deletion)	42510347	36.52
NA10831	NA10831 (CYP2D6 deletion)	42510521	44.111
NA10831	NA10831 (CYP2D6 deletion)	42510694	42.503
NA10831	NA10831 (CYP2D6 deletion)	42510868	31.213
NA10831	NA10831 (CYP2D6 deletion)	42511042	34.796
NA10831	NA10831 (CYP2D6 deletion)	42511216	38.514
NA10831	NA10831 (CYP2D6 deletion)	42511389	32.539
NA10831	NA10831 (CYP2D6 deletion)	42511563	40.913
NA10831	NA10831 (CYP2D6 deletion)	42511737	33.92
NA10831	NA10831 (CYP2D6 deletion)	42511911	43.429
NA10831	NA10831 (CYP2D6 deletion)	42512084	41.543
NA10831	NA10831 (CYP2D6 deletion)	42512258	41.84
NA10831	NA10831 (CYP2D6 deletion)	42512432	43.032
NA10831	NA10831 (CYP2D6 deletion)	42512606	40.322
NA10831	NA10831 (CYP2D6 deletion)	42512779	42.93
NA10831	NA10831 (CYP2D6 deletion)	42512953	31.71
NA10831	NA10831 (CYP2D6 deletion)	42513127	31.021
NA10831	NA10831 (CYP2D6 deletion)	42513301	45.671
NA10831	NA10831 (CYP2D6 deletion)	42513474	28.857
NA10831	NA10831 (CYP2D6 deletion)	42513648	40.571
NA10831	NA10831 (CYP2D6 deletion)	42513822	41.72
NA10831	NA10831 (CYP2D6 deletion)	42513996	36.835
NA10831	NA10831 (CYP2D6 deletion)	42514169	34.607
NA10831	NA10831 (CYP2D6 deletion)	42514343	37.33
NA10831	NA10831 (CYP2D6 deletion)	42514517	40.66
NA10831	NA10831 (CYP2D6 deletion)	42514691	27.391
NA10831	NA10831 (CYP2D6 deletion)	42514864	39.724
NA10831	NA10831 (CYP2D6 deletion)	42515038	46.158
NA10831	NA10831 (CYP2D6 deletion)	42515212	30.8
NA10831	NA10831 (CYP2D6 deletion)	42515386	44.798
NA10831	NA10831 (CYP2D6 deletion)	42515559	39.823
NA10831	NA10831 (CYP2D6 deletion)	42515733	39.65
NA10831	NA10831 (CYP2D6 deletion)	42515907	33.532
NA10831	NA10831 (CYP2D6 deletion)	42516081	38.384
NA10831	NA10831 (CYP2D6 deletion)	42516254	38.231
NA10831	NA10831 (CYP2D6 deletion)	42516428	34.36
NA10831	NA10831 (CYP2D6 deletion)	42516602	35.63
NA10831	NA10831 (CYP2D6 deletion)	42516776	46.936
NA10831	NA10831 (CYP2D6 deletion)	42516949	30.695
NA10831	NA10831 (CYP2D6 deletion)	42517123	35.321
NA10831	NA10831 (CYP2D6 deletion)	42517297	35.555
NA10831	NA10831 (CYP2D6 deletion)	42517471	46.368
NA10831	NA10831 (CYP2D6 deletion)	42517644	20.248
NA10831	NA10831 (CYP2D6 deletion)	42517818	40.6
NA10831	NA10831 (CYP2D6 deletion)	42517992	43.378
NA10831	NA10831 (CYP2D6 deletion)	42518166	38.175
NA10831	NA10831 (CYP2D6 deletion)	42518339	44.459
NA10831	NA10831 (CYP2D6 deletion)	42518513	42.337
NA10831	NA10831 (CYP2D6 deletion)	42518687	36.631
NA10831	NA10831 (CYP2D6 deletion)	42518861	42.422
NA10831	NA10831 (CYP2D6 deletion)	42519034	38.005
NA10831	NA10831 (CYP2D6 deletion)	42519208	38.191
NA10831	NA10831 (CYP2D6 deletion)	42519382	48.727
NA10831	NA10831 (CYP2D6 deletion)	42519555	37.469
NA10831	NA10831 (CYP2D6 deletion)	42519729	28.045
NA10831	NA10831 (CYP2D6 deletion)	42519903	32.438
NA10831	NA10831 (CYP2D6 deletion)	42520077	27.402
NA10831	NA10831 (CYP2D6 deletion)	42520250	30.293
NA10831	NA10831 (CYP2D6 deletion)	42520424	18.472
NA10831	NA10831 (CYP2D6 deletion)	42520598	23.014
NA10831	NA10831 (CYP2D6 deletion)	42520772	21.137
NA10831	NA10831 (CYP2D6 deletion)	42520945	18.286
NA10831	NA10831 (CYP2D6 deletion)	42521119	23.107
NA10831	NA10831 (CYP2D6 deletion)	42521293	19.986
NA10831	NA10831 (CYP2D6 deletion)	42521467	19.939
NA10831	NA10831 (CYP2D6 deletion)	42521640	15.672
NA10831	NA10831 (CYP2D6 deletion)	42521814	16.198
NA10831	NA10831 (CYP2D6 deletion)	42521988	18.897
NA10831	NA10831 (CYP2D6 deletion)	42522162	21.79
NA10831	NA10831 (CYP2D6 deletion)	42522335	15.333
NA10831	NA10831 (CYP2D6 deletion)	42522509	15.83
NA10831	NA10831 (CYP2D6 deletion)	42522683	15.635
NA10831	NA10831 (CYP2D6 deletion)	42522857	13.806
NA10831	NA10831 (CYP2D6 deletion)	42523030	24.654
NA10831	NA10831 (CYP2D6 deletion)	42523204	18.875
NA10831	NA10831 (CYP2D6 deletion)	42523378	11.11
NA10831	NA10831 (CYP2D6 deletion)	42523552	15.199
NA10831	NA10831 (CYP2D6 deletion)	42523725	19.848
NA10831	NA10831 (CYP2D6 deletion)	42523899	16.322
NA10831	NA10831 (CYP2D6 deletion)	42524073	13.837
NA10831	NA10831 (CYP2D6 deletion)	42524247	20.103
NA10831	NA10831 (CYP2D6 deletion)	42524420	21.525
NA10831	NA10831 (CYP2D6 deletion)	42524594	20.805
NA10831	NA10831 (CYP2D6 deletion)	42524768	15.989
NA10831	NA10831 (CYP2D6 deletion)	42524942	21.429
NA10831	NA10831 (CYP2D6 deletion)	42525115	17.907
NA10831	NA10831 (CYP2D6 deletion)	42525289	18.602
NA10831	NA10831 (CYP2D6 deletion)	42525463	16.852
NA10831	NA10831 (CYP2D6 deletion)	42525637	19.416
NA10831	NA10831 (CYP2D6 deletion)	42525810	16.936
NA10831	NA10831 (CYP2D6 deletion)	42525984	15.533
NA10831	NA10831 (CYP2D6 deletion)	42526158	19.738
NA10831	NA10831 (CYP2D6 deletion)	42526332	17.895
NA10831	NA10831 (CYP2D6 deletion)	42526505	24.924
NA10831	NA10831 (CYP2D6 deletion)	42526679	18.439
NA10831	NA10831 (CYP2D6 deletion)	42526853	14.504
NA10831	NA10831 (CYP2D6 deletion)	42527027	42.288
NA10831	NA10831 (CYP2D6 deletion)	42527200	41.364
NA10831	NA10831 (CYP2D6 deletion)	42527374	39.482
NA10831	NA10831 (CYP2D6 deletion)	42527548	39.635
NA10831	NA10831 (CYP2D6 deletion)	42527722	34.268
NA10831	NA10831 (CYP2D6 deletion)	42527895	34.475
NA10831	NA10831 (CYP2D6 deletion)	42528069	23.219
NA10831	NA10831 (CYP2D6 deletion)	42528243	43.299
NA10831	NA10831 (CYP2D6 deletion)	42528416	54.163
NA10831	NA10831 (CYP2D6 deletion)	42528590	24.897
NA10831	NA10831 (CYP2D6 deletion)	42528764	48.314
NA10831	NA10831 (CYP2D6 deletion)	42528938	31.022
NA10831	NA10831 (CYP2D6 deletion)	42529111	40.402
NA10831	NA10831 (CYP2D6 deletion)	42529285	41.697
NA10831	NA10831 (CYP2D6 deletion)	42529459	36.186
NA10831	NA10831 (CYP2D6 deletion)	42529633	43.979
NA10831	NA10831 (CYP2D6 deletion)	42529806	28.932
NA10831	NA10831 (CYP2D6 deletion)	42529980	39.37
NA10831	NA10831 (CYP2D6 deletion)	42530154	41.113
NA10831	NA10831 (CYP2D6 deletion)	42530328	49.353
NA10831	NA10831 (CYP2D6 deletion)	42530501	37.024
NA10831	NA10831 (CYP2D6 deletion)	42530675	48.544
NA10831	NA10831 (CYP2D6 deletion)	42530849	42.549
NA10831	NA10831 (CYP2D6 deletion)	42531023	35.962
NA10831	NA10831 (CYP2D6 deletion)	42531196	49.053
NA10831	NA10831 (CYP2D6 deletion)	42531370	42.094
NA10831	NA10831 (CYP2D6 deletion)	42531544	31.624
NA10831	NA10831 (CYP2D6 deletion)	42531718	41.311
NA10831	NA10831 (CYP2D6 deletion)	42531891	41.48
NA10831	NA10831 (CYP2D6 deletion)	42532065	45.306
NA10831	NA10831 (CYP2D6 deletion)	42532239	38.019
NA10831	NA10831 (CYP2D6 deletion)	42532413	30.577
NA10831	NA10831 (CYP2D6 deletion)	42532586	40.488
NA10831	NA10831 (CYP2D6 deletion)	42532760	41.114
NA10831	NA10831 (CYP2D6 deletion)	42532934	37.71
NA10831	NA10831 (CYP2D6 deletion)	42533108	36.769
NA10831	NA10831 (CYP2D6 deletion)	42533281	37.626
NA10831	NA10831 (CYP2D6 deletion)	42533455	40.303
NA10831	NA10831 (CYP2D6 deletion)	42533629	41.365
NA10831	NA10831 (CYP2D6 deletion)	42533803	38.723
NA10831	NA10831 (CYP2D6 deletion)	42533976	52.305
NA10831	NA10831 (CYP2D6 deletion)	42534150	23.76
NA10831	NA10831 (CYP2D6 deletion)	42534324	47.997
NA10831	NA10831 (CYP2D6 deletion)	42534498	33.394
NA10831	NA10831 (CYP2D6 deletion)	42534671	40.523
NA10831	NA10831 (CYP2D6 deletion)	42534845	38.48
NA10831	NA10831 (CYP2D6 deletion)	42535019	26.997
NA10831	NA10831 (CYP2D6 deletion)	42535193	32.402
NA10831	NA10831 (CYP2D6 deletion)	42535366	34.638
NA10831	NA10831 (CYP2D6 deletion)	42535540	41.025
NA10831	NA10831 (CYP2D6 deletion)	42535714	45.142
NA10831	NA10831 (CYP2D6 deletion)	42535888	35.662
NA10831	NA10831 (CYP2D6 deletion)	42536061	38.612
NA10831	NA10831 (CYP2D6 deletion)	42536235	32.755
NA10831	NA10831 (CYP2D6 deletion)	42536409	38.719
NA10831	NA10831 (CYP2D6 deletion)	42536583	34.47
NA10831	NA10831 (CYP2D6 deletion)	42536756	38.637
NA10831	NA10831 (CYP2D6 deletion)	42536930	36.431
NA10831	NA10831 (CYP2D6 deletion)	42537104	42.402
NA10831	NA10831 (CYP2D6 deletion)	42537277	54.41
NA10831	NA10831 (CYP2D6 deletion)	42537451	40.778
NA10831	NA10831 (CYP2D6 deletion)	42537625	38.295
NA10831	NA10831 (CYP2D6 deletion)	42537799	47.57
NA10831	NA10831 (CYP2D6 deletion)	42537972	44.374
NA10831	NA10831 (CYP2D6 deletion)	42538146	41.242
NA10831	NA10831 (CYP2D6 deletion)	42538320	40.22
NA10831	NA10831 (CYP2D6 deletion)	42538494	45.163
NA10831	NA10831 (CYP2D6 deletion)	42538667	36.894
NA10831	NA10831 (CYP2D6 deletion)	42538841	44.54
NA10831	NA10831 (CYP2D6 deletion)	42539015	39.183
NA10831	NA10831 (CYP2D6 deletion)	42539189	39.7
NA10831	NA10831 (CYP2D6 deletion)	42539362	46.336
NA10831	NA10831 (CYP2D6 deletion)	42539536	45.472
NA10831	NA10831 (CYP2D6 deletion)	42539710	33.714
NA10831	NA10831 (CYP2D6 deletion)	42539884	31.195
NA10831	NA10831 (CYP2D6 deletion)	42540057	46.665
NA10831	NA10831 (CYP2D6 deletion)	42540231	45.016
NA10831	NA10831 (CYP2D6 deletion)	42540405	36.206
NA10831	NA10831 (CYP2D6 deletion)	42540579	38.863
NA10831	NA10831 (CYP2D6 deletion)	42540752	27.268
NA10831	NA10831 (CYP2D6 deletion)	42540926	60.942
NA10831	NA10831 (CYP2D6 deletion)	42541100	32.197
NA10831	NA10831 (CYP2D6 deletion)	42541274	38.529
NA10831	NA10831 (CYP2D6 deletion)	42541447	33.886
NA10831	NA10831 (CYP2D6 deletion)	42541621	32.445
NA10831	NA10831 (CYP2D6 deletion)	42541795	43.28
NA10831	NA10831 (CYP2D6 deletion)	42541969	41.165
NA10831	NA10831 (CYP2D6 deletion)	42542142	49.369
NA10831	NA10831 (CYP2D6 deletion)	42542316	52.936
NA10831	NA10831 (CYP2D6 deletion)	42542490	35.588
NA10831	NA10831 (CYP2D6 deletion)	42542664	45.906
NA10831	NA10831 (CYP2D6 deletion)	42542837	40.657
NA10831	NA10831 (CYP2D6 deletion)	42543011	41.264
NA10831	NA10831 (CYP2D6 deletion)	42543185	38.694
NA10831	NA10831 (CYP2D6 deletion)	42543359	37.146
NA10831	NA10831 (CYP2D6 deletion)	42543532	36.57
NA10831	NA10831 (CYP2D6 deletion)	42543706	44.541
NA10831	NA10831 (CYP2D6 deletion)	42543880	39.515
NA10831	NA10831 (CYP2D6 deletion)	42544054	40.487
NA10831	NA10831 (CYP2D6 deletion)	42544227	39.965
NA10831	NA10831 (CYP2D6 deletion)	42544401	42.301
NA10831	NA10831 (CYP2D6 deletion)	42544575	28.862
NA10831	NA10831 (CYP2D6 deletion)	42544749	37.716
NA10831	NA10831 (CYP2D6 deletion)	42544922	30.789
NA10831	NA10831 (CYP2D6 deletion)	42545096	33.798
NA10831	NA10831 (CYP2D6 deletion)	42545270	33.197
NA10831	NA10831 (CYP2D6 deletion)	42545444	55.584
NA10831	NA10831 (CYP2D6 deletion)	42545617	33.209
NA10831	NA10831 (CYP2D6 deletion)	42545791	29.542
NA10831	NA10831 (CYP2D6 deletion)	42545965	32.745
NA10831	NA10831 (CYP2D6 deletion)	42546138	37.751
NA10831	NA10831 (CYP2D6 deletion)	42546312	45.764
NA10831	NA10831 (CYP2D6 deletion)	42546486	40.363
NA10831	NA10831 (CYP2D6 deletion)	42546660	49.115
NA10831	NA10831 (CYP2D6 deletion)	42546833	47.022
NA10831	NA10831 (CYP2D6 deletion)	42547007	39.247
NA10831	NA10831 (CYP2D6 deletion)	42547181	56.377
NA10831	NA10831 (CYP2D6 deletion)	42547355	36.472
NA10831	NA10831 (CYP2D6 deletion)	42547528	60.01
NA10831	NA10831 (CYP2D6 deletion)	42547702	34.594
NA10831	NA10831 (CYP2D6 deletion)	42547876	29.555
NA10831	NA10831 (CYP2D6 deletion)	42548050	41.94
NA10831	NA10831 (CYP2D6 deletion)	42548223	41.414
NA10831	NA10831 (CYP2D6 deletion)	42548397	38.154
NA10831	NA10831 (CYP2D6 deletion)	42548571	39.943
NA10831	NA10831 (CYP2D6 deletion)	42548745	56.165
NA10831	NA10831 (CYP2D6 deletion)	42548918	27.734
NA10831	NA10831 (CYP2D6 deletion)	42549092	38.794
NA10831	NA10831 (CYP2D6 deletion)	42549266	48.33
NA10831	NA10831 (CYP2D6 deletion)	42549440	37.772
NA10831	NA10831 (CYP2D6 deletion)	42549613	38.948
NA10831	NA10831 (CYP2D6 deletion)	42549787	40.266
NA10831	NA10831 (CYP2D6 deletion)	42549961	49.56
NA10831	NA10831 (CYP2D6 deletion)	42550135	39.31
NA10831	NA10831 (CYP2D6 deletion)	42550308	37.011
NA10831	NA10831 (CYP2D6 deletion)	42550482	45.781
NA10831	NA10831 (CYP2D6 deletion)	42550656	28.877
NA10831	NA10831 (CYP2D6 deletion)	42550830	31.953
NA10831	NA10831 (CYP2D6 deletion)	42551003	48.484
NA10831	NA10831 (CYP2D6 deletion)	42551177	36.932
NA10831	NA10831 (CYP2D6 deletion)	42551351	41.29
NA10831	NA10831 (CYP2D6 deletion)	42551525	35.316
NA10831	NA10831 (CYP2D6 deletion)	42551698	40.757
NA10831	NA10831 (CYP2D6 deletion)	42551872	35.559
NA10831	NA10831 (CYP2D6 deletion)	42552046	41.056
NA10831	NA10831 (CYP2D6 deletion)	42552220	40.988
NA10831	NA10831 (CYP2D6 deletion)	42552393	44.226
NA10831	NA10831 (CYP2D6 deletion)	42552567	47.606
NA10831	NA10831 (CYP2D6 deletion)	42552741	39.353
NA10831	NA10831 (CYP2D6 deletion)	42552915	31.876
NA10831	NA10831 (CYP2D6 deletion)	42553088	38.519
NA10831	NA10831 (CYP2D6 deletion)	42553262	47.995
NA10831	NA10831 (CYP2D6 deletion)	42553436	38.924
NA10831	NA10831 (CYP2D6 deletion)	42553610	41.155
NA10831	NA10831 (CYP2D6 deletion)	42553783	53.527
NA10831	NA10831 (CYP2D6 deletion)	42553957	52.594
NA10831	NA10831 (CYP2D6 deletion)	42554131	44.922
NA10831	NA10831 (CYP2D6 deletion)	42554305	44.167
NA10831	NA10831 (CYP2D6 deletion)	42554478	35.687
NA10831	NA10831 (CYP2D6 deletion)	42554652	40.519
NA10831	NA10831 (CYP2D6 deletion)	42554826	47.262
NA10831	NA10831 (CYP2D6 deletion)	42555000	53.675
NA19109	NA19109 (CYP2D6 duplication)	42510000	32.011
NA19109	NA19109 (CYP2D6 duplication)	42510173	50.525
NA19109	NA19109 (CYP2D6 duplication)	42510347	44.517
NA19109	NA19109 (CYP2D6 duplication)	42510521	47.01
NA19109	NA19109 (CYP2D6 duplication)	42510694	32.027
NA19109	NA19109 (CYP2D6 duplication)	42510868	38.847
NA19109	NA19109 (CYP2D6 duplication)	42511042	44.766
NA19109	NA19109 (CYP2D6 duplication)	42511216	49.483
NA19109	NA19109 (CYP2D6 duplication)	42511389	46.662
NA19109	NA19109 (CYP2D6 duplication)	42511563	27.209
NA19109	NA19109 (CYP2D6 duplication)	42511737	49.003
NA19109	NA19109 (CYP2D6 duplication)	42511911	48.474
NA19109	NA19109 (CYP2D6 duplication)	42512084	37.663
NA19109	NA19109 (CYP2D6 duplication)	42512258	37.384
NA19109	NA19109 (CYP2D6 duplication)	42512432	40.022
NA19109	NA19109 (CYP2D6 duplication)	42512606	32.717
NA19109	NA19109 (CYP2D6 duplication)	42512779	42.87
NA19109	NA19109 (CYP2D6 duplication)	42512953	44.629
NA19109	NA19109 (CYP2D6 duplication)	42513127	39.799
NA19109	NA19109 (CYP2D6 duplication)	42513301	47.359
NA19109	NA19109 (CYP2D6 duplication)	42513474	43.747
NA19109	NA19109 (CYP2D6 duplication)	42513648	43.3
NA19109	NA19109 (CYP2D6 duplication)	42513822	34.162
NA19109	NA19109 (CYP2D6 duplication)	42513996	40.63
NA19109	NA19109 (CYP2D6 duplication)	42514169	43.38
NA19109	NA19109 (CYP2D6 duplication)	42514343	52.62
NA19109	NA19109 (CYP2D6 duplication)	42514517	50.72
NA19109	NA19109 (CYP2D6 duplication)	42514691	30.178
NA19109	NA19109 (CYP2D6 duplication)	42514864	33.964
NA19109	NA19109 (CYP2D6 duplication)	42515038	45.127
NA19109	NA19109 (CYP2D6 duplication)	42515212	44.319
NA19109	NA19109 (CYP2D6 duplication)	42515386	51.185
NA19109	NA19109 (CYP2D6 duplication)	42515559	51.162
NA19109	NA19109 (CYP2D6 duplication)	42515733	41.489
NA19109	NA19109 (CYP2D6 duplication)	42515907	43.489
NA19109	NA19109 (CYP2D6 duplication)	42516081	41.074
NA19109	NA19109 (CYP2D6 duplication)	42516254	40.361
NA19109	NA19109 (CYP2D6 duplication)	42516428	46.381
NA19109	NA19109 (CYP2D6 duplication)	42516602	55.868
NA19109	NA19109 (CYP2D6 duplication)	42516776	37.895
NA19109	NA19109 (CYP2D6 duplication)	42516949	44.823
NA19109	NA19109 (CYP2D6 duplication)	42517123	32.334
NA19109	NA19109 (CYP2D6 duplication)	42517297	36.281
NA19109	NA19109 (CYP2D6 duplication)	42517471	35.736
NA19109	NA19109 (CYP2D6 duplication)	42517644	52.015
NA19109	NA19109 (CYP2D6 duplication)	42517818	41.775
NA19109	NA19109 (CYP2D6 duplication)	42517992	38.951
NA19109	NA19109 (CYP2D6 duplication)	42518166	33.706
NA19109	NA19109 (CYP2D6 duplication)	42518339	39.245
NA19109	NA19109 (CYP2D6 duplication)	42518513	37.982
NA19109	NA19109 (CYP2D6 duplication)	42518687	34.391
NA19109	NA19109 (CYP2D6 duplication)	42518861	37.559
NA19109	NA19109 (CYP2D6 duplication)	42519034	39.611
NA19109	NA19109 (CYP2D6 duplication)	42519208	42.165
NA19109	NA19109 (CYP2D6 duplication)	42519382	42.05
NA19109	NA19109 (CYP2D6 duplication)	42519555	37.238
NA19109	NA19109 (CYP2D6 duplication)	42519729	40.426
NA19109	NA19109 (CYP2D6 duplication)	42519903	47.315
NA19109	NA19109 (CYP2D6 duplication)	42520077	49.477
NA19109	NA19109 (CYP2D6 duplication)	42520250	37.968
NA19109	NA19109 (CYP2D6 duplication)	42520424	60.561
NA19109	NA19109 (CYP2D6 duplication)	42520598	67.207
NA19109	NA19109 (CYP2D6 duplication)	42520772	91.718
NA19109	NA19109 (CYP2D6 duplication)	42520945	65.609
NA19109	NA19109 (CYP2D6 duplication)	42521119	65.033
NA19109	NA19109 (CYP2D6 duplication)	42521293	88.285
NA19109	NA19109 (CYP2D6 duplication)	42521467	97.921
NA19109	NA19109 (CYP2D6 duplication)	42521640	64.8
NA19109	NA19109 (CYP2D6 duplication)	42521814	74.772
NA19109	NA19109 (CYP2D6 duplication)	42521988	73.343
NA19109	NA19109 (CYP2D6 duplication)	42522162	63.747
NA19109	NA19109 (CYP2D6 duplication)	42522335	71.39
NA19109	NA19109 (CYP2D6 duplication)	42522509	67.827
NA19109	NA19109 (CYP2D6 duplication)	42522683	71.513
NA19109	NA19109 (CYP2D6 duplication)	42522857	85.741
NA19109	NA19109 (CYP2D6 duplication)	42523030	88.345
NA19109	NA19109 (CYP2D6 duplication)	42523204	69.605
NA19109	NA19109 (CYP2D6 duplication)	42523378	78.48
NA19109	NA19109 (CYP2D6 duplication)	42523552	83.316
NA19109	NA19109 (CYP2D6 duplication)	42523725	65.54
NA19109	NA19109 (CYP2D6 duplication)	42523899	94.947
NA19109	NA19109 (CYP2D6 duplication)	42524073	63.909
NA19109	NA19109 (CYP2D6 duplication)	42524247	93.181
NA19109	NA19109 (CYP2D6 duplication)	42524420	64.612
NA19109	NA19109 (CYP2D6 duplication)	42524594	81.603
NA19109	NA19109 (CYP2D6 duplication)	42524768	87.44
NA19109	NA19109 (CYP2D6 duplication)	42524942	85.225
NA19109	NA19109 (CYP2D6 duplication)	42525115	75.0
NA19109	NA19109 (CYP2D6 duplication)	42525289	57.211
NA19109	NA19109 (CYP2D6 duplication)	42525463	94.141
NA19109	NA19109 (CYP2D6 duplication)	42525637	75.193
NA19109	NA19109 (CYP2D6 duplication)	42525810	56.333
NA19109	NA19109 (CYP2D6 duplication)	42525984	75.658
NA19109	NA19109 (CYP2D6 duplication)	42526158	76.027
NA19109	NA19109 (CYP2D6 duplication)	42526332	78.347
NA19109	NA19109 (CYP2D6 duplication)	42526505	69.261
NA19109	NA19109 (CYP2D6 duplication)	42526679	61.989
NA19109	NA19109 (CYP2D6 duplication)	42526853	88.56
NA19109	NA19109 (CYP2D6 duplication)	42527027	38.501
NA19109	NA19109 (CYP2D6 duplication)	42527200	34.952
NA19109	NA19109 (CYP2D6 duplication)	42527374	41.46
NA19109	NA19109 (CYP2D6 duplication)	42527548	42.63
NA19109	NA19109 (CYP2D6 duplication)	42527722	43.65
NA19109	NA19109 (CYP2D6 duplication)	42527895	39.254
NA19109	NA19109 (CYP2D6 duplication)	42528069	31.141
NA19109	NA19109 (CYP2D6 duplication)	42528243	44.677
NA19109	NA19109 (CYP2D6 duplication)	42528416	41.271
NA19109	NA19109 (CYP2D6 duplication)	42528590	44.197
NA19109	NA19109 (CYP2D6 duplication)	42528764	49.877
NA19109	NA19109 (CYP2D6 duplication)	42528938	42.07
NA19109	NA19109 (CYP2D6 duplication)	42529111	44.324
NA19109	NA19109 (CYP2D6 duplication)	42529285	45.312
NA19109	NA19109 (CYP2D6 duplication)	42529459	44.362
NA19109	NA19109 (CYP2D6 duplication)	42529633	32.793
NA19109	NA19109 (CYP2D6 duplication)	42529806	43.378
NA19109	NA19109 (CYP2D6 duplication)	42529980	37.531
NA19109	NA19109 (CYP2D6 duplication)	42530154	46.269
NA19109	NA19109 (CYP2D6 duplication)	42530328	43.324
NA19109	NA19109 (CYP2D6 duplication)	42530501	38.727
NA19109	NA19109 (CYP2D6 duplication)	42530675	30.259
NA19109	NA19109 (CYP2D6 duplication)	42530849	44.266
NA19109	NA19109 (CYP2D6 duplication)	42531023	45.735
NA19109	NA19109 (CYP2D6 duplication)	42531196	40.519
NA19109	NA19109 (CYP2D6 duplication)	42531370	37.066
NA19109	NA19109 (CYP2D6 duplication)	42531544	43.891
NA19109	NA19109 (CYP2D6 duplication)	42531718	42.499
NA19109	NA19109 (CYP2D6 duplication)	42531891	34.039
NA19109	NA19109 (CYP2D6 duplication)	42532065	34.844
NA19109	NA19109 (CYP2D6 duplication)	42532239	35.213
NA19109	NA19109 (CYP2D6 duplication)	42532413	39.611
NA19109	NA19109 (CYP2D6 duplication)	42532586	40.171
NA19109	NA19109 (CYP2D6 duplication)	42532760	20.073
NA19109	NA19109 (CYP2D6 duplication)	42532934	45.113
NA19109	NA19109 (CYP2D6 duplication)	42533108	43.393
NA19109	NA19109 (CYP2D6 duplication)	42533281	49.884
NA19109	NA19109 (CYP2D6 duplication)	42533455	43.767
NA19109	NA19109 (CYP2D6 duplication)	42533629	50.306
NA19109	NA19109 (CYP2D6 duplication)	42533803	51.986
NA19109	NA19109 (CYP2D6 duplication)	42533976	29.434
NA19109	NA19109 (CYP2D6 duplication)	42534150	35.716
NA19109	NA19109 (CYP2D6 duplication)	42534324	47.365
NA19109	NA19109 (CYP2D6 duplication)	42534498	47.632
NA19109	NA19109 (CYP2D6 duplication)	42534671	35.045
NA19109	NA19109 (CYP2D6 duplication)	42534845	33.568
NA19109	NA19109 (CYP2D6 duplication)	42535019	40.318
NA19109	NA19109 (CYP2D6 duplication)	42535193	44.385
NA19109	NA19109 (CYP2D6 duplication)	42535366	39.056
NA19109	NA19109 (CYP2D6 duplication)	42535540	38.003
NA19109	NA19109 (CYP2D6 duplication)	42535714	43.796
NA19109	NA19109 (CYP2D6 duplication)	42535888	31.268
NA19109	NA19109 (CYP2D6 duplication)	42536061	38.615
NA19109	NA19109 (CYP2D6 duplication)	42536235	30.043
NA19109	NA19109 (CYP2D6 duplication)	42536409	40.107
NA19109	NA19109 (CYP2D6 duplication)	42536583	52.798
NA19109	NA19109 (CYP2D6 duplication)	42536756	41.366
NA19109	NA19109 (CYP2D6 duplication)	42536930	45.944
NA19109	NA19109 (CYP2D6 duplication)	42537104	29.614
NA19109	NA19109 (CYP2D6 duplication)	42537277	41.179
NA19109	NA19109 (CYP2D6 duplication)	42537451	36.35
NA19109	NA19109 (CYP2D6 duplication)	42537625	41.091
NA19109	NA19109 (CYP2D6 duplication)	42537799	42.333
NA19109	NA19109 (CYP2D6 duplication)	42537972	45.212
NA19109	NA19109 (CYP2D6 duplication)	42538146	56.43
NA19109	NA19109 (CYP2D6 duplication)	42538320	32.744
NA19109	NA19109 (CYP2D6 duplication)	42538494	42.612
NA19109	NA19109 (CYP2D6 duplication)	42538667	35.2
NA19109	NA19109 (CYP2D6 duplication)	42538841	31.602
NA19109	NA19109 (CYP2D6 duplication)	42539015	41.969
NA19109	NA19109 (CYP2D6 duplication)	42539189	34.566
NA19109	NA19109 (CYP2D6 duplication)	42539362	40.488
NA19109	NA19109 (CYP2D6 duplication)	42539536	34.18
NA19109	NA19109 (CYP2D6 duplication)	42539710	43.292
NA19109	NA19109 (CYP2D6 duplication)	42539884	47.096
NA19109	NA19109 (CYP2D6 duplication)	42540057	27.279
NA19109	NA19109 (CYP2D6 duplication)	42540231	47.043
NA19109	NA19109 (CYP2D6 duplication)	42540405	35.092
NA19109	NA19109 (CYP2D6 duplication)	42540579	41.005
NA19109	NA19109 (CYP2D6 duplication)	42540752	38.027
NA19109	NA19109 (CYP2D6 duplication)	42540926	53.626
NA19109	NA19109 (CYP2D6 duplication)	42541100	38.689
NA19109	NA19109 (CYP2D6 duplication)	42541274	30.754
NA19109	NA19109 (CYP2D6 duplication)	42541447	47.56
NA19109	NA19109 (CYP2D6 duplication)	42541621	49.679
NA19109	NA19109 (CYP2D6 duplication)	42541795	43.64
NA19109	NA19109 (CYP2D6 duplication)	42541969	45.568
NA19109	NA19109 (CYP2D6 duplication)	42542142	40.382
NA19109	NA19109 (CYP2D6 duplication)	42542316	35.502
NA19109	NA19109 (CYP2D6 duplication)	42542490	30.542
NA19109	NA19109 (CYP2D6 duplication)	42542664	50.743
NA19109	NA19109 (CYP2D6 duplication)	42542837	34.04
NA19109	NA19109 (CYP2D6 duplication)	42543011	48.57
NA19109	NA19109 (CYP2D6 duplication)	42543185	43.342
NA19109	NA19109 (CYP2D6 duplication)	42543359	44.063
NA19109	NA19109 (CYP2D6 duplication)	42543532	41.411
NA19109	NA19109 (CYP2D6 duplication)	42543706	42.625
NA19109	NA19109 (CYP2D6 duplication)	42543880	37.239
NA19109	NA19109 (CYP2D6 duplication)	42544054	37.373
NA19109	NA19109 (CYP2D6 duplication)	42544227	35.247
NA19109	NA19109 (CYP2D6 duplication)	42544401	34.569
NA19109	NA19109 (CYP2D6 duplication)	42544575	49.537
NA19109	NA19109 (CYP2D6 duplication)	42544749	40.195
NA19109	NA19109 (CYP2D6 duplication)	42544922	36.687
NA19109	NA19109 (CYP2D6 duplication)	42545096	33.637
NA19109	NA19109 (CYP2D6 duplication)	42545270	47.123
NA19109	NA19109 (CYP2D6 duplication)	42545444	42.171
NA19109	NA19109 (CYP2D6 duplication)	42545617	44.459
NA19109	NA19109 (CYP2D6 duplication)	42545791	27.179
NA19109	NA19109 (CYP2D6 duplication)	42545965	54.83
NA19109	NA19109 (CYP2D6 duplication)	42546138	35.385
NA19109	NA19109 (CYP2D6 duplication)	42546312	31.05
NA19109	NA19109 (CYP2D6 duplication)	42546486	34.484
NA19109	NA19109 (CYP2D6 duplication)	42546660	25.698
NA19109	NA19109 (CYP2D6 duplication)	42546833	27.735
NA19109	NA19109 (CYP2D6 duplication)	42547007	46.194
NA19109	NA19109 (CYP2D6 duplication)	42547181	42.284
NA19109	NA19109 (CYP2D6 duplication)	42547355	38.522
NA19109	NA19109 (CYP2D6 duplication)	42547528	35.472
NA19109	NA19109 (CYP2D6 duplication)	42547702	34.383
NA19109	NA19109 (CYP2D6 duplication)	42547876	43.779
NA19109	NA19109 (CYP2D6 duplication)	42548050	44.87
NA19109	NA19109 (CYP2D6 duplication)	42548223	52.238
NA19109	NA19109 (CYP2D6 duplication)	42548397	38.386
NA19109	NA19109 (CYP2D6 duplication)	42548571	48.559
NA19109	NA19109 (CYP2D6 duplication)	42548745	32.237
NA19109	NA19109 (CYP2D6 duplication)	42548918	31.381
NA19109	NA19109 (CYP2D6 duplication)	42549092	30.436
NA19109	NA19109 (CYP2D6 duplication)	42549266	35.301
NA19109	NA19109 (CYP2D6 duplication)	42549440	50.398
NA19109	NA19109 (CYP2D6 duplication)	42549613	38.966
NA19109	NA19109 (CYP2D6 duplication)	42549787	31.439
NA19109	NA19109 (CYP2D6 duplication)	42549961	37.693
NA19109	NA19109 (CYP2D6 duplication)	42550135	44.603
NA19109	NA19109 (CYP2D6 duplication)	42550308	42.058
NA19109	NA19109 (CYP2D6 duplication)	42550482	47.658
NA19109	NA19109 (CYP2D6 duplication)	42550656	38.89
NA19109	NA19109 (CYP2D6 duplication)	42550830	40.116
NA19109	NA19109 (CYP2D6 duplication)	42551003	37.579
NA19109	NA19109 (CYP2D6 duplication)	42551177	40.604
NA19109	NA19109 (CYP2D6 duplication)	42551351	35.706
NA19109	NA19109 (CYP2D6 duplication)	42551525	33.385
NA19109	NA19109 (CYP2D6 duplication)	42551698	49.718
NA19109	NA19109 (CYP2D6 duplication)	42551872	41.441
NA19109	NA19109 (CYP2D6 duplication)	42552046	29.904
NA19109	NA19109 (CYP2D6 duplication)	42552220	42.831
NA19109	NA19109 (CYP2D6 duplication)	42552393	50.122
NA19109	NA19109 (CYP2D6 duplication)	42552567	47.434
NA19109	NA19109 (CYP2D6 duplication)	42552741	49.019
NA19109	NA19109 (CYP2D6 duplication)	42552915	38.054
NA19109	NA19109 (CYP2D6 duplication)	42553088	45.099
NA19109	NA19109 (CYP2D6 duplication)	42553262	29.598
NA19109	NA19109 (CYP2D6 duplication)	42553436	46.581
NA19109	NA19109 (CYP2D6 duplication)	42553610	41.375
NA19109	NA19109 (CYP2D6 duplication)	42553783	38.15
NA19109	NA19109 (CYP2D6 duplication)	42553957	52.845
NA19109	NA19109 (CYP2D6 duplication)	42554131	43.249
NA19109	NA19109 (CYP2D6 duplication)	42554305	54.82
NA19109	NA19109 (CYP2D6 duplication)	42554478	39.752
NA19109	NA19109 (CYP2D6 duplication)	42554652	35.294
NA19109	NA19109 (CYP2D6 duplication)	42554826	35.124
NA19109	NA19109 (CYP2D6 duplication)	42555000	36.934
